"id","type","amount","user","date","isCredit"
"1667","Car","53000","Asif","2022-06-01","0"
"24","Rent","5550","Asif","2018-11-03","0"
"25","Electricity","220","Asif","2018-11-11","0"
"26","Bike","400","Asif","2018-11-03","0"
"27","Gas","255","Asif","2018-11-01","0"
"28","Parents","2000","Asif","2018-11-03","0"
"29","Tahiya","1000","Asif","2018-11-07","0"
"30","Credit","12","Asif","2018-11-11","0"
"31","Groceries","70","Asif","2018-11-10","0"
"32","Food","100","Asif","2018-11-10","0"
"33","Groceries","45","Asif","2018-11-11","0"
"34","Food","162","Asif","2018-11-11","0"
"35","Groceries","59","Asif","2018-11-10","0"
"1666","Credit","35000","Asif","2022-06-02","0"
"1665","Kada - plan","3000","Asif","2022-05-30","0"
"1664","Credit","26000","Asif","2022-05-23","0"
"39","Food","150","Asif","2018-11-08","0"
"40","Priyanka- screen guard","250","Asif","2018-11-04","0"
"41","Food","214","Asif","2018-11-05","0"
"42","Food","58","Asif","2018-11-03","0"
"43","Food","87.5","Asif","2018-11-02","0"
"44","Food","148","Asif","2018-11-02","0"
"45","Recharge","200","Asif","2018-11-02","0"
"46","Contributions","100","Asif","2018-11-01","0"
"47","Food","125","Asif","2018-11-01","0"
"48","Recharge","471.5","Asif","2018-11-12","0"
"49","Lock","500","Asif","2018-11-12","0"
"50","Food","159","Asif","2018-11-13","0"
"51","Bike","300","Asif","2018-11-13","0"
"52","Food","85","Asif","2018-11-14","0"
"1662","Kada - digital survey ","3000","Asif","2022-04-25","0"
"1661","Charges","236","Asif","2022-04-13","0"
"1660","Credit","30000","Asif","2022-04-02","0"
"57","Groceries","117","Asif","2018-11-14","0"
"58","Bike","2535","Asif","2018-11-15","0"
"59","Food","80","Asif","2018-11-16","0"
"60","Charity","200","Asif","2018-11-09","0"
"61","Charity","50","Asif","2018-11-16","0"
"62","Food","40","Asif","2018-11-16","0"
"63","Food","200","Asif","2018-11-16","0"
"64","Contributions","172","Asif","2018-11-16","0"
"65","Groceries","60","Asif","2018-11-17","0"
"66","Groceries","60","Asif","2018-11-18","0"
"67","Food","200","Asif","2018-11-18","0"
"68","Food","40","Asif","2018-11-19","0"
"69","Food","40","Asif","2018-11-19","0"
"70","Groceries","32.5","Asif","2018-11-19","0"
"71","Food","150","Asif","2018-11-20","0"
"72","Food","212.51","Asif","2018-11-20","0"
"1659","Credit","10000","Asif","2022-04-01","0"
"1663","Credit","22571","Asif","2022-05-01","0"
"75","Food","120","Asif","2018-11-21","0"
"76","Groceries","79","Asif","2018-11-21","0"
"77","Groceries","57.5","Asif","2018-11-23","0"
"78","Food","61.5","Asif","2018-11-23","0"
"79","Food","90","Asif","2018-11-24","0"
"80","Food","60","Asif","2018-11-24","0"
"81","Food","42","Asif","2018-11-23","0"
"82","Groceries","18","Asif","2018-11-23","0"
"83","Groceries","43","Asif","2018-11-25","0"
"84","Groceries","127","Asif","2018-11-25","0"
"85","Groceries","30","Asif","2018-11-25","0"
"86","Recharge","100","Asif","2018-11-26","0"
"87","Bike","300","Asif","2018-11-25","0"
"88","Food","79","Asif","2018-11-26","0"
"89","Food","90","Asif","2018-11-27","0"
"90","Recharge","200","Asif","2018-11-27","0"
"91","Bike","10","Asif","2018-11-29","0"
"92","Food","125","Asif","2018-11-29","0"
"93","Recharge","200","Asif","2018-11-28","0"
"94","Recharge","363.58","Asif","2018-11-30","0"
"95","Food","130","Asif","2018-11-30","0"
"96","Charity","100","Asif","2018-11-30","0"
"97","Bike","110","Asif","2018-11-30","0"
"98","Food","155","Asif","2018-11-30","0"
"99","Groceries","50","Asif","2018-11-30","0"
"100","Bike","10","Asif","2018-12-03","0"
"101","Groceries","18","Asif","2018-12-03","0"
"102","Rent","5050","Asif","2018-12-04","0"
"103","Parents","2000","Asif","2018-12-04","0"
"104","Recharge","200","Asif","2018-12-04","0"
"105","Food","105","Asif","2018-12-04","0"
"106","Food","60","Asif","2018-12-05","0"
"107","Recharge","200","Asif","2018-12-05","0"
"108","Food","80","Asif","2018-12-05","0"
"109","Groceries","105","Asif","2018-12-06","0"
"110","Bike","10","Asif","2018-12-05","0"
"111","Contributions","408","Asif","2018-12-07","0"
"112","Food","80","Asif","2018-12-07","0"
"1657","Credit","10","Asif","2022-03-19","0"
"1656","Credit","2800","Asif","2022-03-24","0"
"116","Trip","264","Asif","2018-12-08","0"
"117","Food","113","Asif","2018-12-08","0"
"118","Groceries","122","Asif","2018-12-08","0"
"119","Hospital","441","Asif","2018-12-09","0"
"120","Groceries","23","Asif","2018-12-09","0"
"121","Food","133.65","Asif","2018-12-09","0"
"122","Electricity","195","Asif","2018-12-09","0"
"123","Recharge","471","Asif","2018-12-12","0"
"124","Groceries","48","Asif","2018-12-11","0"
"125","Credit","26","Asif","2018-12-12","0"
"126","Food","65","Asif","2018-12-13","0"
"127","Contributions","199","Asif","2018-12-14","0"
"128","Bangalore","210","Asif","2018-12-14","0"
"129","Bangalore","236","Asif","2018-12-15","0"
"130","Bangalore","198","Asif","2018-12-16","0"
"132","Bangalore","87","Asif","2018-12-17","0"
"133","Food","160","Asif","2018-12-17","0"
"134","Contributions","199","Asif","2018-12-17","0"
"135","Credit","1000","Asif","2018-12-17","0"
"136","Contributions","100","Asif","2018-12-17","0"
"137","Entertainment","225.35","Asif","2018-12-17","0"
"138","Bike","310","Asif","2018-12-17","0"
"140","Food","70","Asif","2018-12-18","0"
"141","Food","85.5","Asif","2018-12-18","0"
"142","Food","115","Asif","2018-12-19","0"
"143","Bangalore","2349.6","Asif","2018-12-14","0"
"166","Food","94.4","Asif","2018-12-29","0"
"145","Food","195","Asif","2018-12-13","0"
"146","Food","135","Asif","2018-12-20","0"
"147","Food","166","Asif","2018-12-19","0"
"148","Food","204.5","Asif","2018-12-20","0"
"149","Contributions","100","Asif","2018-12-20","0"
"150","Recharge","100","Asif","2018-12-21","0"
"151","Power bank","899","Asif","2018-12-21","0"
"152","Contributions","199","Asif","2018-12-22","0"
"153","Groceries","110","Asif","2018-12-22","0"
"154","Food","88","Asif","2018-12-23","0"
"155","Groceries","47","Asif","2018-12-23","0"
"156","Food","80","Asif","2018-12-22","0"
"157","Food","30","Asif","2018-12-23","0"
"158","Food","70","Asif","2018-12-24","0"
"159","Food","76","Asif","2018-12-24","0"
"160","Recharge","100","Asif","2018-12-25","0"
"161","Food","100","Asif","2018-12-25","0"
"162","Gas","225","Asif","2018-12-27","0"
"163","Food","210","Asif","2018-12-27","0"
"164","Charity","200","Asif","2018-12-28","0"
"165","Food","285","Asif","2018-12-28","0"
"167","Groceries","220","Asif","2018-12-29","0"
"168","Groceries","20","Asif","2018-12-28","0"
"169","Entertainment","50","Asif","2018-12-30","0"
"170","Medical","58","Asif","2018-12-30","0"
"171","Charity","10","Asif","2018-12-30","0"
"172","Bike","200","Asif","2018-12-30","0"
"173","Food","309","Asif","2018-12-30","0"
"174","Groceries","20","Asif","2018-12-30","0"
"175","Food","144","Asif","2018-12-30","0"
"176","Bangalore","11","Guest","2018-12-31","0"
"177","Food","100","Asif","2018-12-31","0"
"178","Groceries","132","Asif","2019-01-01","0"
"180","Rent","5550","Asif","2019-01-02","0"
"181","Parents","2000","Asif","2019-01-02","0"
"1655","Construction","24000","Asif","2022-03-14","0"
"183","Food","20.28","Asif","2019-01-02","0"
"192","Food","90","Asif","2019-01-04","0"
"187","Recharge","100","Asif","2019-01-02","0"
"191","Food","125","Asif","2019-01-03","0"
"190","Food","50","Asif","2019-01-02","0"
"193","Groceries","30","Asif","2019-01-06","0"
"194","Groceries","148.52","Asif","2019-01-06","0"
"195","Groceries","10","Asif","2019-01-05","0"
"196","Contributions","326","Asif","2019-01-07","0"
"197","Food","60","Asif","2019-01-08","0"
"198","Entertainment","10","Asif","2019-01-08","0"
"199","Food","353","Asif","2019-01-08","0"
"200","Recharge","200","Asif","2019-01-08","0"
"201","Recharge","406","Asif","2019-01-09","0"
"202","Electricity","145","Asif","2019-01-09","0"
"203","Food","65","Asif","2019-01-09","0"
"204","Home","755.49","Asif","2019-01-11","0"
"205","Home","4478.8","Asif","2019-01-11","0"
"239","Food","210","Asif","2019-01-25","0"
"207","Food","200","Asif","2019-01-11","0"
"208","Charity","100","Asif","2019-01-11","0"
"209","Food","205","Asif","2019-01-09","0"
"210","Groceries","120","Asif","2019-01-11","0"
"211","Vava","474","Asif","2019-01-11","0"
"212","Bike","370","Asif","2019-01-12","0"
"213","Pra","15","Asif","2019-01-12","0"
"214","Groceries","36","Asif","2019-01-12","0"
"215","Food","232","Asif","2019-01-12","0"
"216","Food","81","Asif","2019-01-13","0"
"217","Groceries","50","Asif","2019-01-13","0"
"218","Food","260","Asif","2019-01-14","0"
"219","Groceries","191","Asif","2019-01-14","0"
"220","Food","247","Asif","2019-01-15","0"
"221","Food","190","Asif","2019-01-16","0"
"222","Food","389","Asif","2019-01-17","0"
"223","Food","210","Asif","2019-01-18","0"
"224","Groceries","20","Asif","2019-01-18","0"
"225","Groceries","190","Asif","2019-01-19","0"
"226","Groceries","25","Asif","2019-01-19","0"
"227","Groceries","25","Asif","2019-01-19","0"
"228","Groceries","25","Asif","2019-01-20","0"
"229","Groceries","233","Asif","2019-01-20","0"
"230","Food","40","Asif","2019-01-21","0"
"231","Contributions","147","Asif","2019-01-21","0"
"232","Food","58","Asif","2019-01-10","0"
"233","Contributions","105","Asif","2019-01-01","0"
"234","Recharge","100","Asif","2019-01-22","0"
"235","Food","60","Asif","2019-01-21","0"
"236","Food","270","Asif","2019-01-24","0"
"237","Recharge","200","Asif","2019-01-24","0"
"238","Contributions","6","Asif","2019-01-24","0"
"240","Bangalore","225","Asif","2019-01-26","0"
"241","Bangalore","142","Asif","2019-01-25","0"
"242","Bangalore","253","Asif","2019-01-26","0"
"243","Bangalore","95","Asif","2019-01-27","0"
"244","Basith","51","Asif","2019-01-30","0"
"245","Credit","12","Asif","2019-01-30","0"
"246","Bangalore","505","Asif","2019-01-29","0"
"1654","Credit","35000","Asif","2022-03-01","0"
"250","Parents","2000","Asif","2019-02-01","0"
"1653","Credit","25000","Asif","2022-03-02","0"
"1652","Construction","15000","Asif","2022-02-25","0"
"1651","Construction","20000","Asif","2022-02-21","0"
"1650","Construction","30000","Asif","2022-02-17","0"
"256","Gate","500","Asif","2019-02-03","0"
"257","Groceries","490","Asif","2019-02-03","0"
"258","Rent","5550","Asif","2019-02-04","0"
"260","Chips","440","Asif","2019-02-04","0"
"1648","Credit","2000","Asif","2022-02-01","0"
"263","Recharge","200","Asif","2019-02-07","0"
"264","Credit","3.75","Asif","2019-02-07","0"
"265","Electricity","145","Asif","2019-02-06","0"
"266","Bike","300","Asif","2019-02-07","0"
"267","Food","40","Asif","2019-02-07","0"
"268","Charity","50","Asif","2019-02-08","0"
"269","Food","302.36","Asif","2019-02-05","0"
"270","Recharge","442","Asif","2019-02-07","0"
"271","Food","65","Asif","2019-02-06","0"
"272","Travel","30","Asif","2019-02-05","0"
"282","Food","148","Asif","2019-02-12","0"
"274","Food","225","Asif","2019-02-09","0"
"275","Bike","1368","Asif","2019-02-09","0"
"309","Charity","25","Asif","2019-02-23","0"
"277","Groceries","10","Asif","2019-02-09","0"
"1649","Construction","25000","Asif","2022-02-13","0"
"280","Groceries","290","Asif","2019-02-10","0"
"281","Food","30","Asif","2019-02-09","0"
"283","Food","98","Asif","2019-02-11","0"
"284","Food","200","Asif","2019-02-13","0"
"285","Food","185","Asif","2019-02-14","0"
"286","Credit","19","Asif","2019-02-14","0"
"287","Groceries","50","Asif","2019-02-14","0"
"288","Charity","150","Asif","2019-02-15","0"
"289","Food","140","Asif","2019-02-15","0"
"1646","Gold","26487.59","Asif","2022-02-01","0"
"293","Food","493.5","Asif","2019-02-16","0"
"294","Food","239.59","Asif","2019-02-17","0"
"295","Groceries","120","Asif","2019-02-17","0"
"296","Bike","300","Asif","2019-02-17","0"
"297","Groceries","80","Asif","2019-02-17","0"
"298","Groceries","153.5","Asif","2019-02-18","0"
"299","Groceries","58","Asif","2019-02-19","0"
"300","Food","60","Asif","2019-02-18","0"
"301","Contributions","207","Asif","2019-02-19","0"
"302","Bike","20","Asif","2019-02-20","0"
"303","Food","110","Asif","2019-02-20","0"
"304","Recharge","399","Asif","2019-02-22","0"
"305","Food","99.58","Asif","2019-02-21","0"
"307","Food","263","Asif","2019-02-22","0"
"308","Charity","50","Asif","2019-02-22","0"
"310","Groceries","24","Asif","2019-02-23","0"
"311","Gas","225","Asif","2019-02-23","0"
"312","Contributions","290","Asif","2019-02-24","0"
"313","Entertainment","380","Asif","2019-02-24","0"
"314","Groceries","89.5","Asif","2019-02-25","0"
"315","Food","120","Asif","2019-02-25","0"
"316","Groceries","79","Asif","2019-02-24","0"
"322","Food","224","Asif","2019-02-28","0"
"318","Food","87.5","Asif","2019-02-26","0"
"319","Food","136","Asif","2019-02-27","0"
"320","Food","81.5","Asif","2019-02-28","0"
"321","Food","61","Asif","2019-02-27","0"
"323","Parents","2000","Asif","2019-03-01","0"
"324","Food","180","Asif","2019-03-01","0"
"325","Groceries","33","Asif","2019-03-01","0"
"326","Groceries","210","Asif","2019-03-02","0"
"327","Bangalore","761","Asif","2019-03-03","0"
"328","Groceries","116.21","Asif","2019-03-02","0"
"329","Bangalore","2377","Asif","2019-03-01","0"
"330","Bike","300","Asif","2019-03-02","0"
"331","Rent","50","Asif","2019-03-04","0"
"332","Food","150","Asif","2019-03-04","0"
"333","Food","40","Asif","2019-03-05","0"
"334","Groceries","175","Asif","2019-03-05","0"
"335","Food","93","Asif","2019-03-03","0"
"336","Credit","1700","Asif","2019-03-06","0"
"337","Food","17","Asif","2019-03-06","0"
"338","Food","60","Asif","2019-03-07","0"
"339","Contributions","100","Asif","2019-03-07","0"
"340","Recharge","100","Asif","2019-03-07","0"
"341","Electricity","210","Asif","2019-03-08","0"
"342","Food","56","Asif","2019-03-08","0"
"343","Contributions","43","Asif","2019-03-08","0"
"344","Groceries","100","Asif","2019-03-09","0"
"345","Food","166","Asif","2019-03-09","0"
"346","Credit","665","Asif","2019-03-10","0"
"347","Groceries","160","Asif","2019-03-10","0"
"348","Food","200.79","Asif","2019-03-10","0"
"349","Recharge","293","Asif","2019-03-10","0"
"350","Food","150","Asif","2019-03-11","0"
"351","Recharge","100","Asif","2019-03-12","0"
"352","Credit","200","Asif","2019-03-12","0"
"353","Credit","100","Asif","2019-03-12","0"
"354","Food","60","Asif","2019-03-12","0"
"355","Food","196","Asif","2019-03-13","0"
"376","Food","300","Asif","2019-03-22","0"
"372","Food","334","Asif","2019-03-20","0"
"358","Food","120","Asif","2019-03-13","0"
"359","Food","160","Asif","2019-03-14","0"
"360","Food","70","Asif","2019-03-12","0"
"361","Charity","100","Asif","2019-03-15","0"
"362","Groceries","100","Asif","2019-03-15","0"
"363","Bike","300","Asif","2019-03-15","0"
"364","Food","150","Asif","2019-03-14","0"
"365","Groceries","30","Asif","2019-03-16","0"
"366","Groceries","119","Asif","2019-03-17","0"
"367","Food","60","Asif","2019-03-16","0"
"369","Groceries","27","Asif","2019-03-19","0"
"370","Food","73","Asif","2019-03-18","0"
"371","Food","20","Asif","2019-03-19","0"
"373","Bangalore","36","Asif","2019-03-20","0"
"375","Groceries","130","Asif","2019-03-21","0"
"377","Charity","105","Asif","2019-03-22","0"
"378","Groceries","237","Asif","2019-03-22","0"
"379","Food","228","Asif","2019-03-23","0"
"380","Bike","200","Asif","2019-03-23","0"
"381","Food","130","Asif","2019-03-23","0"
"382","Travel","40","Asif","2019-03-23","0"
"383","Credit","600","Asif","2019-03-23","0"
"384","Food","160","Asif","2019-03-23","0"
"385","Travel","80","Asif","2019-03-24","0"
"386","Food","13","Asif","2019-03-24","0"
"387","Medical","10","Asif","2019-03-24","0"
"389","Food","135","Asif","2019-03-25","0"
"390","Contributions","85","Asif","2019-03-25","0"
"391","Food","125","Asif","2019-03-25","0"
"392","Food","160","Asif","2019-03-26","0"
"393","Food","40","Asif","2019-03-25","0"
"394","Food","70","Asif","2019-03-26","0"
"395","Food","75","Asif","2019-03-26","0"
"396","Entertainment","116.56","Asif","2019-03-26","0"
"397","Credit","1.5","Asif","2019-03-26","0"
"398","Contributions","180","Asif","2019-03-27","0"
"399","Food","31","Asif","2019-03-28","0"
"400","Travel","40","Asif","2019-03-28","0"
"401","Bangalore","16","Asif","2019-03-29","0"
"402","Food","370","Asif","2019-03-29","0"
"403","Charity","50","Asif","2019-03-29","0"
"404","Food","40","Asif","2019-03-29","0"
"405","Credit","5150","Asif","2019-03-30","0"
"406","Credit","150","Asif","2019-03-30","0"
"407","Credit","70","Asif","2019-03-30","0"
"408","Travel","40","Asif","2019-03-30","0"
"409","Charity","50","Asif","2019-03-30","0"
"410","Food","1771.08","Asif","2019-04-25","0"
"411","Bike","1400","Asif","2019-04-25","0"
"412","Parents","2000","Asif","2019-04-25","0"
"413","cybage","1144","Asif","2019-04-25","0"
"414","Groceries","808","Asif","2019-04-25","0"
"415","charges","236","Asif","2019-04-25","0"
"416","Rent","11900","Asif","2019-04-25","0"
"417","Travel","4170","Asif","2019-04-25","0"
"429","Travel","20","Asif","2019-04-30","0"
"419","cash","2000","Asif","2019-04-25","0"
"420","Food","85","Asif","2019-04-25","0"
"421","Travel","159.02","Asif","2019-04-27","0"
"422","Food","633","Asif","2019-04-27","0"
"423","Medical","432","Asif","2019-04-28","0"
"424","Personal","50","Asif","2019-04-28","0"
"425","Groceries","22","Asif","2019-04-27","0"
"426","Bike","2368","Asif","2019-04-27","0"
"427","Travel","20","Asif","2019-04-29","0"
"428","Food","190","Asif","2019-04-29","0"
"430","Bike","340","Asif","2019-05-02","0"
"431","Parents","7000","Asif","2019-05-02","0"
"443","Credit","2374","Asif","2019-05-10","0"
"433","Bike","20","Asif","2019-05-03","0"
"434","Charity","150","Asif","2019-05-03","0"
"435","Food","704","Asif","2019-05-04","0"
"436","Groceries","44","Asif","2019-05-05","0"
"437","Bike","320","Asif","2019-05-06","0"
"438","Recharge","176","Asif","2019-05-04","0"
"439","Medical","1351.6","Asif","2019-05-09","0"
"440","Travel","402.61","Asif","2019-05-09","0"
"441","Credit","18","Asif","2019-05-09","0"
"442","Charity","800","Asif","2019-05-09","0"
"444","Food","677","Asif","2019-05-11","0"
"445","Medical","1200","Asif","2019-05-11","0"
"446","Travel","2100","Asif","2019-05-11","0"
"447","Recharge","399","Asif","2019-05-12","0"
"448","Travel","615.41","Asif","2019-05-12","0"
"449","Charity","1200","Asif","2019-05-14","0"
"450","Rent","7000","Asif","2019-05-02","0"
"451","Medical","120","Asif","2019-05-14","0"
"452","Food","210","Asif","2019-05-14","0"
"453","Groceries","35","Asif","2019-05-14","0"
"454","Groceries","72","Asif","2019-05-15","0"
"455","Food","135","Asif","2019-05-15","0"
"456","Medical","46.5","Asif","2019-05-16","0"
"457","Groceries","20","Asif","2019-05-16","0"
"458","Travel","20","Asif","2019-05-17","0"
"459","Charity","200","Asif","2019-05-17","0"
"460","Food","170","Asif","2019-05-17","0"
"461","Groceries","48","Asif","2019-05-17","0"
"462","Personal","3157","Asif","2019-05-18","0"
"463","Personal","499","Asif","2019-05-18","0"
"464","Groceries","250","Asif","2019-05-18","0"
"465","Bike","10","Asif","2019-05-18","0"
"466","Travel","20","Asif","2019-05-18","0"
"467","Bike","300","Asif","2019-05-20","0"
"468","Travel","20","Asif","2019-05-20","0"
"469","Groceries","105","Asif","2019-05-20","0"
"470","Food","80","Asif","2019-05-20","0"
"471","Food","228","Asif","2019-05-21","0"
"472","Food","140","Asif","2019-05-22","0"
"473","Parents","2249","Asif","2019-05-23","0"
"475","Recharge","50","Asif","2019-05-23","0"
"476","Groceries","41","Asif","2019-05-23","0"
"477","basith","187","Asif","2019-05-24","0"
"478","Contributions","90","Asif","2019-05-24","0"
"479","Charity","100","Asif","2019-05-24","0"
"480","Food","88","Asif","2019-05-24","0"
"481","Food","183","Asif","2019-05-23","0"
"482","Credit","17","Asif","2019-05-24","0"
"483","Vava","359","Asif","2019-05-25","0"
"484","Food","240","Asif","2019-05-25","0"
"485","Groceries","40","Asif","2019-05-25","0"
"486","Personal","438","Asif","2019-05-26","0"
"487","Food","165","Asif","2019-05-26","0"
"488","Groceries","67","Asif","2019-05-26","0"
"489","Akka","1000","Asif","2019-05-26","0"
"490","Food","68","Asif","2019-05-27","0"
"491","Food","165","Asif","2019-05-30","0"
"492","Groceries","60","Asif","2019-05-30","0"
"493","Food","210","Asif","2019-05-28","0"
"494","Food","124","Asif","2019-05-30","0"
"495","Travel","292","Asif","2019-05-16","0"
"496","Food","384","Asif","2019-05-31","0"
"497","Charity","100","Asif","2019-05-31","0"
"500","Rent","7000","Asif","2019-06-01","0"
"501","Parents","7000","Asif","2019-06-01","0"
"1645","Credit","8000","Asif","2022-02-01","0"
"1644","Credit","30000","Asif","2022-02-01","0"
"1643","Gold","37000","Asif","2022-01-02","0"
"505","Travel","20","Asif","2019-06-01","0"
"506","Personal","50","Asif","2019-06-02","0"
"507","Groceries","155","Asif","2019-06-02","0"
"508","Savings","5000","Asif","2019-06-03","0"
"509","Bike","312","Asif","2019-06-03","0"
"510","Groceries","450","Asif","2019-06-03","0"
"511","Travel","30","Asif","2019-06-03","0"
"512","Food","100","Asif","2019-06-03","0"
"513","Personal","100","Asif","2019-06-04","0"
"514","Charity","20","Asif","2019-06-05","0"
"515","Personal","900","Asif","2019-06-07","0"
"516","Travel","500","Asif","2019-06-08","0"
"517","Contributions","100","Asif","2019-06-10","0"
"518","Travel","20","Asif","2019-06-10","0"
"519","Bike","20","Asif","2019-06-10","0"
"520","Food","124","Asif","2019-06-11","0"
"521","Travel","63","Asif","2019-06-12","0"
"523","Bike","300","Asif","2019-06-13","0"
"524","Travel","20","Asif","2019-06-13","0"
"525","Food","95","Asif","2019-06-13","0"
"526","Travel","20","Asif","2019-06-14","0"
"527","Charity","1000","Asif","2019-06-14","0"
"528","Personal","50","Asif","2019-06-15","0"
"529","Savings","614.35","Asif","2019-05-31","0"
"530","Savings","1200","Asif","2019-05-30","0"
"531","Savings","800","Asif","2019-05-28","0"
"532","Savings","1000","Asif","2019-05-27","0"
"533","Savings","2000","Asif","2019-05-10","0"
"546","Recharge","300","Asif","2019-06-18","0"
"545","Athmma","2000","Asif","2019-06-17","0"
"544","Travel","20","Asif","2019-06-17","0"
"547","Food","70","Asif","2019-06-18","0"
"548","Personal","10","Asif","2019-06-19","0"
"549","Food","205","Asif","2019-06-20","0"
"550","Bike","300","Asif","2019-06-21","0"
"551","Travel","20","Asif","2019-06-21","0"
"552","Medical","773","Asif","2019-06-22","0"
"553","Travel","110.58","Asif","2019-06-22","0"
"554","Personal","4425.5","Asif","2019-06-23","0"
"555","Travel","20","Asif","2019-06-24","0"
"556","Food","80","Asif","2019-06-25","0"
"557","Recharge","300","Asif","2019-06-26","0"
"558","Food","300","Asif","2019-06-27","0"
"559","Food","190","Asif","2019-06-27","0"
"560","Food","230","Asif","2019-06-29","0"
"561","Travel","20","Asif","2019-06-29","0"
"562","Travel","133.48","Asif","2019-06-30","0"
"563","Food","180","Asif","2019-06-30","0"
"564","Savings","3330.44","Asif","2019-06-30","0"
"565","Charity","500","Asif","2019-06-30","0"
"566","Travel","20","Asif","2019-07-01","0"
"567","Bike","300","Asif","2019-07-01","0"
"568","Parents","7000","Asif","2019-07-01","0"
"569","Savings","5150","Asif","2019-07-01","0"
"570","Recharge","50","Asif","2019-07-02","0"
"571","Food","90","Asif","2019-07-02","0"
"572","Food","35","Asif","2019-07-02","0"
"573","Credit","1","Asif","2019-07-04","0"
"574","Food","254","Asif","2019-07-04","0"
"575","Food","80","Asif","2019-07-05","0"
"576","Travel","20","Asif","2019-07-05","0"
"577","Personal","50","Asif","2019-07-06","0"
"578","Food","101","Asif","2019-07-06","0"
"579","Groceries","244","Asif","2019-07-06","0"
"580","Personal","1090","Asif","2019-07-07","0"
"581","Groceries","23","Asif","2019-07-07","0"
"582","Rent","7000","Asif","2019-07-07","0"
"583","Bike","300","Asif","2019-07-08","0"
"584","Travel","20","Asif","2019-07-08","0"
"585","Food","135","Asif","2019-07-08","0"
"586","Credit","40","Asif","2019-07-08","0"
"587","Food","154","Asif","2019-07-09","0"
"588","Travel","1430","Asif","2019-07-07","0"
"606","Food","70","Asif","2019-07-18","0"
"626","Food","92.69","Asif","2019-07-25","0"
"591","Food","110","Asif","2019-07-10","0"
"592","Personal","1432.44","Asif","2019-07-12","0"
"593","Personal","1027","Asif","2019-07-12","0"
"594","Food","190","Asif","2019-07-12","0"
"595","Food","280","Asif","2019-07-11","0"
"596","Personal","322","Asif","2019-07-13","0"
"597","Food","190","Asif","2019-07-13","0"
"598","Bike","70","Asif","2019-07-13","0"
"599","Credit","11","Asif","2019-07-13","0"
"600","Food","250","Asif","2019-07-16","0"
"601","Food","358","Asif","2019-07-13","0"
"602","Food","51","Asif","2019-07-15","0"
"603","Personal","50","Asif","2019-07-17","0"
"604","Food","181","Asif","2019-07-17","0"
"605","Credit","15","Asif","2019-07-17","0"
"607","Bike","320","Asif","2019-07-18","0"
"608","Medical","1770","Asif","2019-07-20","0"
"609","Charity","200","Asif","2019-07-19","0"
"610","Food","20","Asif","2019-07-20","0"
"611","Food","820.03","Asif","2019-07-21","0"
"612","Food","210","Asif","2019-07-21","0"
"613","Credit","500","Asif","2019-07-21","0"
"614","Travel","30","Asif","2019-07-21","0"
"615","Travel","215.87","Asif","2019-07-18","0"
"616","Travel","355","Asif","2019-07-23","0"
"617","Food","70","Asif","2019-07-23","0"
"618","Food","10","Asif","2019-07-22","0"
"619","Personal","20","Asif","2019-07-22","0"
"620","Credit","26","Asif","2019-07-23","0"
"621","Personal","399","Asif","2019-07-23","0"
"623","Medical","35","Asif","2019-07-23","0"
"624","Food","135","Asif","2019-07-24","0"
"625","Amma","341","Asif","2019-07-24","0"
"627","Food","60","Asif","2019-07-25","0"
"628","Credit","1000","Asif","2019-07-25","0"
"629","Charity","100","Asif","2019-07-26","0"
"630","Food","293","Asif","2019-07-26","0"
"631","Personal","30","Asif","2019-07-26","0"
"632","Tahiya","413","Asif","2019-07-27","0"
"633","Groceries","106","Asif","2019-07-27","0"
"634","Food","651","Asif","2019-07-27","0"
"635","Bike","90","Asif","2019-07-27","0"
"636","Travel","20","Asif","2019-07-27","0"
"637","Personal","50","Asif","2019-07-28","0"
"638","Groceries","40","Asif","2019-07-28","0"
"639","Travel","20","Asif","2019-07-29","0"
"640","Food","70","Asif","2019-07-29","0"
"641","Bike","300","Asif","2019-07-29","0"
"642","priyanka bday","2913","Asif","2019-07-30","0"
"643","Credit","16","Asif","2019-07-30","0"
"644","Food","55","Asif","2019-07-30","0"
"645","Savings","193.97","Asif","2019-07-31","0"
"646","Savings","5000","Asif","2019-08-01","0"
"647","Parents","7000","Asif","2019-08-01","0"
"648","Rent","7000","Asif","2019-08-01","0"
"649","Food","98.2","Asif","2019-08-01","0"
"650","Food","30","Asif","2019-08-01","0"
"651","Charity","100","Asif","2019-08-02","0"
"652","Food","40","Asif","2019-08-02","0"
"653","Travel","865","Asif","2019-08-02","0"
"654","Bike","10","Asif","2019-08-02","0"
"655","Travel","20","Asif","2019-08-02","0"
"656","Food","200","Asif","2019-08-02","0"
"657","Bike","1671","Asif","2019-08-03","0"
"658","Bike","50","Asif","2019-08-03","0"
"659","Travel","211","Asif","2019-08-03","0"
"660","Groceries","5","Asif","2019-08-03","0"
"661","Travel","260","Asif","2019-08-03","0"
"664","Recharge","349","Asif","2019-08-04","0"
"665","Personal","100","Asif","2019-08-04","0"
"666","Bike","300","Asif","2019-08-05","0"
"667","Travel","20","Asif","2019-08-05","0"
"668","Food","60","Asif","2019-08-05","0"
"669","Food","106.38","Asif","2019-08-06","0"
"670","Personal","817","Asif","2019-08-06","0"
"671","Food","90","Asif","2019-08-07","0"
"672","Food","91.91","Asif","2019-08-08","0"
"673","Food","25","Asif","2019-08-08","0"
"674","Charity","100","Asif","2019-08-09","0"
"675","Food","40","Asif","2019-08-09","0"
"676","Travel","20","Asif","2019-08-09","0"
"677","Groceries","776","Asif","2019-08-13","0"
"678","Groceries","297","Asif","2019-08-13","0"
"679","Personal","2000","Asif","2019-08-06","0"
"680","Travel","84","Asif","2019-08-15","0"
"681","Bike","300","Asif","2019-08-16","0"
"682","Food","230","Asif","2019-08-16","0"
"683","Credit","18","Asif","2019-08-16","0"
"684","Food","173","Asif","2019-08-17","0"
"685","Groceries","30","Asif","2019-08-17","0"
"686","Food","290","Asif","2019-08-18","0"
"687","Personal","290","Asif","2019-08-19","0"
"689","Food","140","Asif","2019-08-19","0"
"690","Food","40","Asif","2019-08-19","0"
"691","Credit","600","Asif","2019-08-20","0"
"692","Savings","600","Asif","2019-08-20","0"
"693","Food","260","Asif","2019-08-20","0"
"694","Food","35","Asif","2019-08-21","0"
"695","Food","110","Asif","2019-08-22","0"
"696","Food","80","Asif","2019-08-23","0"
"697","Travel","20","Asif","2019-08-23","0"
"698","Charity","200","Asif","2019-08-23","0"
"699","Medical","33","Asif","2019-08-24","0"
"700","Personal","50","Asif","2019-08-24","0"
"701","Travel","50","Asif","2019-08-25","0"
"702","Food","188","Asif","2019-08-26","0"
"703","Food","55","Asif","2019-08-26","0"
"704","Entertainment","199","Asif","2019-08-27","0"
"705","Food","115.51","Asif","2019-08-27","0"
"706","Food","40","Asif","2019-08-27","0"
"707","Groceries","50","Asif","2019-08-27","0"
"708","Food","208","Asif","2019-08-28","0"
"709","Travel","20","Asif","2019-08-29","0"
"710","Personal","30","Asif","2019-08-30","0"
"711","Food","155","Asif","2019-08-30","0"
"712","Travel","500","Asif","2019-08-30","0"
"713","Parents","4272","Asif","2019-08-30","0"
"714","Travel","250","Asif","2019-08-31","0"
"715","Medical","200","Asif","2019-08-31","0"
"716","Bike","300","Asif","2019-08-29","0"
"717","Food","172","Asif","2019-08-31","0"
"718","Savings","5000","Asif","2019-09-03","0"
"719","Savings","63","Asif","2019-08-31","0"
"720","Parents","7000","Asif","2019-09-01","0"
"721","Rent","7000","Asif","2019-09-03","0"
"722","Food","375","Asif","2019-09-04","0"
"723","Bike","2142","Asif","2019-09-04","0"
"724","Charity","200","Asif","2019-09-06","0"
"725","Food","142","Asif","2019-09-06","0"
"726","Food","70","Asif","2019-09-05","0"
"727","Credit","3.75","Asif","2019-09-05","0"
"728","Travel","20","Asif","2019-09-06","0"
"729","Bike","50","Asif","2019-09-07","0"
"730","Groceries","40","Asif","2019-09-08","0"
"731","Food","160","Asif","2019-09-08","0"
"732","Personal","50","Asif","2019-09-08","0"
"733","Personal","153","Asif","2019-09-08","0"
"734","Personal","500","Asif","2019-09-07","0"
"735","Bike","300","Asif","2019-09-09","0"
"736","Travel","20","Asif","2019-09-09","0"
"737","Personal","276","Asif","2019-09-09","0"
"738","Food","70","Asif","2019-09-09","0"
"739","Food","200","Asif","2019-09-10","0"
"740","Bike","110","Asif","2019-09-11","0"
"741","Travel","103.66","Asif","2019-09-12","0"
"742","Food","114","Asif","2019-09-12","0"
"743","Contributions","500","Asif","2019-09-12","0"
"744","Bike","370","Asif","2019-09-13","0"
"745","Travel","104","Asif","2019-09-13","0"
"746","Food","302","Asif","2019-09-14","0"
"747","Travel","50","Asif","2019-09-14","0"
"748","Personal","50","Asif","2019-09-14","0"
"749","Food","121","Asif","2019-09-15","0"
"750","Food","127","Asif","2019-09-16","0"
"751","Bike","300","Asif","2019-09-16","0"
"752","Travel","20","Asif","2019-09-16","0"
"753","Food","287","Asif","2019-09-17","0"
"754","Food","110","Asif","2019-09-18","0"
"755","Groceries","55","Asif","2019-09-18","0"
"756","Medical","120","Asif","2019-09-18","0"
"757","Food","275","Asif","2019-09-19","0"
"758","Food","163","Asif","2019-09-20","0"
"759","Groceries","20","Asif","2019-09-20","0"
"760","Food","250","Asif","2019-09-21","0"
"761","Charity","200","Asif","2019-09-20","0"
"775","Entertainment","199","Asif","2019-09-26","0"
"763","Food","150","Asif","2019-09-21","0"
"764","Travel","20","Asif","2019-09-22","0"
"765","Medical","3167.01","Asif","2019-09-21","0"
"766","Groceries","270","Asif","2019-09-23","0"
"767","Personal","40","Asif","2019-09-23","0"
"768","Food","239","Asif","2019-09-24","0"
"782","Charity","1500","Asif","2019-09-30","0"
"770","Travel","20","Asif","2019-09-24","0"
"771","Food","120","Asif","2019-09-24","0"
"772","Medical","328","Asif","2019-09-21","0"
"773","Food","321","Asif","2019-09-25","0"
"774","Food","60","Asif","2019-09-26","0"
"776","Food","511","Asif","2019-09-27","0"
"780","Travel","433.39","Asif","2019-09-29","0"
"783","Parents","7000","Asif","2019-10-01","0"
"781","Bike","300","Asif","2019-09-30","0"
"785","Personal","2000","Asif","2019-10-01","0"
"786","Savings","5000","Asif","2019-10-01","0"
"787","TV","3411.59","Asif","2019-10-01","0"
"788","Food","150","Asif","2019-09-30","0"
"789","TV","1622.69","Asif","2019-09-30","0"
"793","Food","236","Asif","2019-10-02","0"
"791","Food","190","Asif","2019-10-01","0"
"804","Charity","300","Asif","2019-10-11","0"
"794","Food","110","Asif","2019-10-03","0"
"795","Travel","20","Asif","2019-10-04","0"
"796","Rent","7000","Asif","2019-10-03","0"
"797","Food","231","Asif","2019-10-05","0"
"798","Travel","40","Asif","2019-10-07","0"
"799","Bike","300","Asif","2019-10-07","0"
"800","Food","180","Asif","2019-10-07","0"
"801","Travel","133.83","Asif","2019-10-08","0"
"802","Food","200","Asif","2019-10-10","0"
"803","Travel","20","Asif","2019-10-10","0"
"805","Travel","20","Asif","2019-10-11","0"
"806","Food","167","Asif","2019-10-10","0"
"807","Personal","187","Asif","2019-10-12","0"
"808","TV","2000","Asif","2019-10-14","0"
"809","Bike","200","Asif","2019-10-14","0"
"810","Food","90","Asif","2019-10-14","0"
"811","Charity","10","Asif","2019-10-13","0"
"812","Food","254","Asif","2019-10-15","0"
"813","Food","80","Asif","2019-10-16","0"
"815","Personal","110","Asif","2019-10-17","0"
"816","Travel","20","Asif","2019-10-17","0"
"817","Savings","1000","Asif","2019-10-17","0"
"818","Food","444","Asif","2019-10-20","0"
"819","Personal","180","Asif","2019-10-19","0"
"820","Food","197","Asif","2019-10-20","0"
"821","Bike","192.36","Asif","2019-10-21","0"
"822","Food","70","Asif","2019-10-21","0"
"823","Food","195","Asif","2019-10-22","0"
"824","Food","50","Asif","2019-10-23","0"
"825","Food","40","Asif","2019-10-24","0"
"826","Food","464.5","Asif","2019-10-23","0"
"827","Travel","20","Asif","2019-10-25","0"
"828","Food","100","Asif","2019-10-25","0"
"829","Charity","100","Asif","2019-10-18","0"
"830","Travel","250","Asif","2019-10-25","0"
"831","Recharge","372","Asif","2019-10-27","0"
"835","Entertainment","199","Asif","2019-10-27","0"
"833","Personal","10","Asif","2019-10-27","0"
"834","Travel","744","Asif","2019-10-27","0"
"836","Food","10","Asif","2019-10-26","0"
"837","Food","80","Asif","2019-10-28","0"
"840","Charity","200","Asif","2019-11-01","0"
"839","Food","275","Asif","2019-10-25","0"
"841","Travel","230","Asif","2019-11-02","0"
"842","Food","647.52","Asif","2019-11-02","0"
"843","Food","70","Asif","2019-11-02","0"
"844","Personal","500","Asif","2019-11-04","0"
"845","Parents","7000","Asif","2019-11-04","0"
"846","Savings","5000","Asif","2019-11-04","0"
"847","Travel","50","Asif","2019-11-05","0"
"848","Food","130","Asif","2019-11-05","0"
"849","Rent","7000","Asif","2019-11-05","0"
"850","Personal","2000","Asif","2019-10-31","0"
"861","Bike","1671","Asif","2019-11-09","0"
"852","Personal","465","Asif","2019-11-06","0"
"853","Food","85","Asif","2019-11-06","0"
"854","Food","100","Asif","2019-11-05","0"
"855","Food","120","Asif","2019-11-07","0"
"856","Contributions","300","Asif","2019-11-07","0"
"857","Travel","20","Asif","2019-11-08","0"
"858","Bike","100","Asif","2019-11-08","0"
"859","Food","50","Asif","2019-11-08","0"
"860","Savings","463.72","Asif","2019-10-31","0"
"862","Personal","50","Asif","2019-11-09","0"
"863","Travel","80","Asif","2019-11-09","0"
"864","Travel","104","Asif","2019-11-09","0"
"865","Food","80","Asif","2019-11-10","0"
"866","Bike","293.54","Asif","2019-11-11","0"
"867","Travel","20","Asif","2019-11-11","0"
"868","Food","180","Asif","2019-11-11","0"
"869","Food","230","Asif","2019-11-12","0"
"870","Food","140","Asif","2019-11-12","0"
"871","Food","120","Asif","2019-11-13","0"
"872","Food","157","Asif","2019-11-14","0"
"873","Personal","33","Asif","2019-11-14","0"
"874","Groceries","64","Asif","2019-11-15","0"
"875","Groceries","197","Asif","2019-11-15","0"
"876","Charity","200","Asif","2019-11-15","0"
"877","Food","29.16","Asif","2019-11-15","0"
"878","Bike","200","Asif","2019-11-18","0"
"879","Travel","30","Asif","2019-11-18","0"
"880","Travel","149.2","Asif","2019-11-17","0"
"881","Food","40","Asif","2019-11-18","0"
"882","Travel","60","Asif","2019-11-18","0"
"883","Travel","556","Asif","2019-11-19","0"
"884","Food","40","Asif","2019-11-20","0"
"885","Personal","43","Asif","2019-11-19","0"
"886","Bike","184.72","Asif","2019-11-20","0"
"887","Travel","20","Asif","2019-11-20","0"
"912","Contributions","124","Asif","2019-11-29","0"
"889","Food","200","Asif","2019-11-21","0"
"890","Food","812","Asif","2019-11-22","0"
"891","Travel","20","Asif","2019-11-22","0"
"892","Food","60","Asif","2019-11-23","0"
"893","Personal","100","Asif","2019-11-23","0"
"894","Food","300","Asif","2019-11-24","0"
"895","Credit","16","Asif","2019-11-24","0"
"896","Food","348","Asif","2019-11-25","0"
"897","Personal","320","Asif","2019-11-25","0"
"898","Credit","7","Asif","2019-11-25","0"
"902","Food","100","Asif","2019-11-26","0"
"903","Food","130","Asif","2019-11-26","0"
"904","Personal","5000","Asif","2019-11-26","0"
"905","Bike","192.36","Asif","2019-11-25","0"
"906","Food","93","Asif","2019-11-27","0"
"907","Travel","1838","Asif","2019-12-01","0"
"908","Food","200","Asif","2019-11-28","0"
"909","Food","190","Asif","2019-11-28","0"
"910","Entertainment","199","Asif","2019-11-27","0"
"913","Travel","20","Asif","2019-11-29","0"
"914","Food","60","Asif","2019-11-29","0"
"915","Bike","1721.09","Asif","2019-12-01","0"
"916","Savings","5000","Asif","2019-12-02","0"
"917","Savings","1000","Asif","2019-11-30","0"
"918","Personal","107.5","Asif","2019-11-30","0"
"927","Rent","7000","Asif","2019-12-02","0"
"920","Charity","200","Asif","2019-11-30","0"
"933","Charity","200","Asif","2019-12-06","0"
"922","Food","80","Asif","2019-12-02","0"
"923","Bike","192.36","Asif","2019-12-02","0"
"924","Parents","7000","Asif","2019-12-02","0"
"925","Personal","1000","Asif","2019-12-02","0"
"926","Groceries","175","Asif","2019-11-30","0"
"928","Food","220","Asif","2019-12-03","0"
"930","Personal","2500","Asif","2019-12-03","0"
"931","Groceries","24","Asif","2019-12-02","0"
"932","Food","40","Asif","2019-12-04","0"
"934","Groceries","176","Asif","2019-12-05","0"
"935","Travel","60","Asif","2019-12-10","0"
"936","Petrol","100","Asif","2019-12-09","0"
"937","Food","100","Asif","2019-12-10","0"
"938","Medical","310","Asif","2019-12-09","0"
"939","Food","130","Asif","2019-12-08","0"
"941","Food","175","Asif","2019-12-10","0"
"942","Personal","126.1","Asif","2019-12-11","0"
"943","Food","240","Asif","2019-12-11","0"
"944","Groceries","40","Asif","2019-12-11","0"
"945","Food","104","Asif","2019-12-12","0"
"946","Travel","20","Asif","2019-12-15","0"
"947","Bike","192.36","Asif","2019-12-10","0"
"948","Personal","679.64","Asif","2019-12-16","0"
"949","Credit","9","Asif","2019-12-15","0"
"950","Travel","144.25","Asif","2019-12-15","0"
"951","Personal","50","Asif","2019-12-16","0"
"952","Travel","20","Asif","2019-12-17","0"
"953","Bike","192.36","Asif","2019-12-17","0"
"954","Groceries","27","Asif","2019-12-17","0"
"955","Food","340","Asif","2019-12-17","0"
"956","Travel","225.4","Asif","2019-12-18","0"
"957","Food","50","Asif","2019-12-18","0"
"958","Recharge","187","Asif","2019-12-19","0"
"959","Personal","29.5","Asif","2019-12-20","0"
"960","Food","239","Asif","2019-12-19","0"
"961","Travel","20","Asif","2019-12-20","0"
"962","Food","110","Asif","2019-12-20","0"
"963","Charity","200","Asif","2019-12-20","0"
"964","Travel","213.09","Asif","2019-12-22","0"
"965","Groceries","117","Asif","2019-12-22","0"
"966","Food","80","Asif","2019-12-23","0"
"967","Bike","293.54","Asif","2019-12-23","0"
"968","Personal","519","Asif","2019-12-23","0"
"969","Travel","23","Asif","2019-12-23","0"
"970","Food","370","Asif","2019-12-24","0"
"971","Personal","90","Asif","2019-12-24","0"
"972","Credit","11","Asif","2019-12-24","0"
"973","Personal","439","Asif","2019-12-25","0"
"974","Food","140","Asif","2019-12-25","0"
"975","Food","382","Asif","2019-12-26","0"
"976","Charity","100","Asif","2019-12-27","0"
"977","Food","140","Asif","2019-12-27","0"
"978","Travel","1593","Asif","2019-12-28","0"
"979","Travel","141.83","Asif","2019-12-27","0"
"980","Entertainment","199","Asif","2019-12-26","0"
"981","Food","326","Asif","2019-12-28","0"
"982","Travel","60","Asif","2019-12-28","0"
"983","Medical","235","Asif","2019-12-29","0"
"984","Travel","90","Asif","2019-12-29","0"
"985","Groceries","55","Asif","2019-12-28","0"
"986","Personal","360","Asif","2019-12-30","0"
"987","Food","200","Asif","2019-12-30","0"
"988","Credit","5","Asif","2019-12-31","0"
"989","Credit","500","Asif","2019-12-31","0"
"990","Savings","202.48","Asif","2019-12-31","0"
"991","Charity","100","Asif","2020-01-03","0"
"992","Food","365","Asif","2020-01-05","0"
"993","Savings","5000","Asif","2020-01-01","0"
"994","Parents","7500","Asif","2020-01-05","0"
"1033","Food","60","Asif","2020-01-21","0"
"996","Personal","100","Asif","2020-01-05","0"
"997","Travel","610.56","Asif","2020-01-05","0"
"998","Travel","50","Asif","2020-01-05","0"
"999","Food","60","Asif","2020-01-05","0"
"1000","Food","80","Asif","2020-01-06","0"
"1001","Rent","7000","Asif","2020-01-06","0"
"1002","Food","26","Asif","2020-01-07","0"
"1003","Food","40","Asif","2020-01-07","0"
"1004","Food","147","Asif","2020-01-08","0"
"1005","Medical","600","Asif","2020-01-08","0"
"1006","Travel","40","Asif","2020-01-08","0"
"1007","Food","115","Asif","2020-01-09","0"
"1008","Food","60","Asif","2020-01-09","0"
"1009","Travel","20","Asif","2020-01-10","0"
"1013","Medical","1459.56","Asif","2020-01-08","0"
"1011","Charity","100","Asif","2020-01-10","0"
"1012","Travel","1050","Asif","2020-01-12","0"
"1014","Travel","20","Asif","2020-01-13","0"
"1022","Food","140","Asif","2020-01-16","0"
"1016","Food","100","Asif","2020-01-13","0"
"1017","Travel","3285.2","Asif","2020-01-14","0"
"1018","Trip","2250","Asif","2020-01-14","0"
"1019","Food","125","Asif","2020-01-14","0"
"1020","Personal","187","Asif","2020-01-14","0"
"1021","Food","116","Asif","2020-01-15","0"
"1023","Travel","30","Asif","2020-01-16","0"
"1024","Food","40","Asif","2020-01-17","0"
"1025","Travel","20","Asif","2020-01-17","0"
"1026","Charity","100","Asif","2020-01-17","0"
"1027","Bike","192.36","Asif","2020-01-13","0"
"1028","Personal","50","Asif","2020-01-18","0"
"1029","Recharge","549","Asif","2020-01-19","0"
"1030","Food","50","Asif","2020-01-20","0"
"1031","Travel","20","Asif","2020-01-20","0"
"1032","Bike","192.36","Asif","2020-01-20","0"
"1034","Food","40","Asif","2020-01-22","0"
"1035","Food","140","Asif","2020-01-23","0"
"1036","Travel","30","Asif","2020-01-23","0"
"1037","Food","35","Asif","2020-01-24","0"
"1038","Travel","20","Asif","2020-01-24","0"
"1039","Personal","19","Asif","2020-01-24","0"
"1040","Groceries","58","Asif","2020-01-25","0"
"1041","Personal","998","Asif","2020-01-25","0"
"1042","Groceries","26","Asif","2020-01-26","0"
"1043","Bike","91","Asif","2020-01-26","0"
"1044","Entertainment","199","Asif","2020-01-26","0"
"1045","Food","20","Asif","2020-01-27","0"
"1046","Bike","293.54","Asif","2020-01-27","0"
"1047","Food","100","Asif","2020-01-28","0"
"1048","Food","75","Asif","2020-01-30","0"
"1049","Travel","20","Asif","2020-01-30","0"
"1050","Food","60","Asif","2020-01-29","0"
"1051","Groceries","316","Asif","2020-01-31","0"
"1052","Groceries","10","Asif","2020-01-31","0"
"1053","Charity","200","Asif","2020-01-31","0"
"1054","Personal","50","Asif","2020-01-31","0"
"1111","Food","180","Asif","2020-02-24","0"
"1103","Groceries","55","Asif","2020-02-24","0"
"1057","Bike","192.94","Asif","2020-02-03","0"
"1058","Travel","20","Asif","2020-02-03","0"
"1059","Parents","7500","Asif","2020-02-03","0"
"1060","Savings","5000","Asif","2020-02-03","0"
"1061","Food","120","Asif","2020-02-03","0"
"1062","Medical","35","Asif","2020-02-03","0"
"1063","Food","40","Asif","2020-02-05","0"
"1064","Food","88","Asif","2020-02-05","0"
"1065","Rent","7000","Asif","2020-02-04","0"
"1066","Personal","262","Asif","2020-02-06","0"
"1067","Food","186","Asif","2020-02-06","0"
"1068","Travel","104","Asif","2020-02-08","0"
"1069","Travel","89.75","Asif","2020-02-08","0"
"1070","Bike","50","Asif","2020-02-08","0"
"1071","Bike","2646","Asif","2020-02-08","0"
"1072","Bike","293.54","Asif","2020-02-10","0"
"1073","Travel","20","Asif","2020-02-10","0"
"1074","Groceries","30","Asif","2020-02-10","0"
"1075","Food","60","Asif","2020-02-11","0"
"1076","Savings","2116.42","Asif","2020-01-31","0"
"1077","Akka bday","1559","Asif","2020-02-12","0"
"1078","Food","60","Asif","2020-02-12","0"
"1079","Personal","150","Asif","2020-02-12","0"
"1080","Personal","90","Asif","2020-02-13","0"
"1081","Food","150","Asif","2020-02-13","0"
"1082","Charity","200","Asif","2020-02-14","0"
"1083","Food","50","Asif","2020-02-14","0"
"1084","Travel","20","Asif","2020-02-14","0"
"1085","Bike","20","Asif","2020-02-15","0"
"1086","Personal","100","Asif","2020-02-15","0"
"1087","Tahiya","498","Asif","2020-02-15","0"
"1088","Groceries","100","Asif","2020-02-16","0"
"1089","Personal","6","Asif","2020-02-16","0"
"1090","Personal","65","Asif","2020-02-15","0"
"1091","Personal","299","Asif","2020-02-16","0"
"1092","Bike","293.54","Asif","2020-02-18","0"
"1093","Contributions","300","Asif","2020-02-19","0"
"1094","Food","60","Asif","2020-02-19","0"
"1095","Medical","169","Asif","2020-02-19","0"
"1096","Groceries","60","Asif","2020-02-18","0"
"1097","Travel","15","Asif","2020-02-18","0"
"1098","Food","210","Asif","2020-02-20","0"
"1099","Charity","100","Asif","2020-02-21","0"
"1100","Food","40","Asif","2020-02-21","0"
"1101","Travel","20","Asif","2020-02-21","0"
"1104","Bike","192.36","Asif","2020-02-24","0"
"1105","Bike","1650","Asif","2020-02-26","0"
"1106","Bike","100","Asif","2020-02-26","0"
"1107","Travel","20","Asif","2020-02-26","0"
"1108","Food","80","Asif","2020-02-26","0"
"1109","Personal","426","Asif","2020-02-24","0"
"1110","Travel","106","Asif","2020-02-25","0"
"1112","Travel","20","Asif","2020-02-24","0"
"1113","Groceries","37","Asif","2020-02-24","0"
"1114","Personal","350","Asif","2020-02-24","0"
"1115","Entertainment","199","Asif","2020-02-26","0"
"1116","Food","130","Asif","2020-02-27","0"
"1117","Travel","1075","Asif","2020-02-27","0"
"1118","Charity","100","Asif","2020-02-28","0"
"1119","Food","140","Asif","2020-02-28","0"
"1120","Savings","3734.87","Asif","2020-02-29","0"
"1121","Travel","1050","Asif","2020-03-03","0"
"1122","Rent","7000","Asif","2020-03-03","0"
"1123","Savings","5000","Asif","2020-03-01","0"
"1124","Parents","7500","Asif","2020-03-03","0"
"1125","Travel","48","Asif","2020-03-05","0"
"1126","Food","120","Asif","2020-03-05","0"
"1127","Groceries","20","Asif","2020-03-05","0"
"1128","Food","190","Asif","2020-03-04","0"
"1129","Bike","10","Asif","2020-03-06","0"
"1130","Food","60","Asif","2020-03-06","0"
"1131","Entertainment","408","Asif","2020-03-06","0"
"1132","Food","130","Asif","2020-03-07","0"
"1133","Groceries","145","Asif","2020-03-07","0"
"1134","Travel","20","Asif","2020-03-07","0"
"1135","Personal","50","Asif","2020-03-07","0"
"1136","Personal","228","Asif","2020-03-08","0"
"1137","Travel","20","Asif","2020-03-09","0"
"1138","Groceries","24","Asif","2020-03-09","0"
"1139","Bike","192.36","Asif","2020-03-09","0"
"1140","Food","30","Asif","2020-03-10","0"
"1141","Food","60","Asif","2020-03-11","0"
"1142","Groceries","20","Asif","2020-03-11","0"
"1143","Travel","98","Asif","2020-03-12","0"
"1144","Charity","200","Asif","2020-03-13","0"
"1145","Groceries","54","Asif","2020-03-14","0"
"1146","Personal","187","Asif","2020-03-12","0"
"1147","Groceries","526","Asif","2020-03-14","0"
"1148","Groceries","127","Asif","2020-03-15","0"
"1149","Groceries","4","Asif","2020-03-15","0"
"1150","Personal","11","Asif","2020-03-16","0"
"1151","Travel","577.02","Asif","2020-03-15","0"
"1158","Rent","7000","Asif","2020-04-04","0"
"1153","Groceries","906.73","Asif","2020-03-25","0"
"1154","Entertainment","199","Asif","2020-03-26","0"
"1155","Groceries","1488.34","Asif","2020-04-01","0"
"1156","Groceries","1499","Asif","2020-04-01","0"
"1159","Carry forward","6751.89","Asif","2020-03-31","0"
"1160","Groceries","1096","Asif","2020-04-04","0"
"1195","Carry Forward","25225.93","Asif","2020-04-30","0"
"1162","Groceries","499","Asif","2020-04-09","0"
"1163","Credit","6751.89","Asif","2020-04-01","0"
"1164","Rent","6940","Seema","2020-04-10","0"
"1168","Food","2975","Seema","2020-04-10","0"
"1166","Wifi","1620","Seema","2020-04-10","0"
"1167","Bbdaily wallet","1000","Seema","2020-04-10","0"
"1169","Recharge","549","Asif","2020-04-10","0"
"1197","Savings","10000","Asif","2020-05-02","0"
"1194","Groceries","415","Asif","2020-04-30","0"
"1172","Groceries","906.62","Asif","2020-04-12","0"
"1173","Groceries","42","Seema","2020-04-13","0"
"1174","Recharge","149","Asif","2020-04-14","0"
"1175","Electricity bill","360","Seema","2020-04-15","0"
"1176","Groceries","1203","Seema","2020-04-15","0"
"1177","Groceries","520","Asif","2020-04-16","0"
"1178","Groceries","530","Asif","2020-04-17","0"
"1180","Groceries","887","Asif","2020-04-18","0"
"1181","Groceries","300","Asif","2020-04-18","0"
"1182","Groceries","244","Asif","2020-04-19","0"
"1183","Groceries","90","Asif","2020-04-22","0"
"1184","Groceries","644","Asif","2020-04-22","0"
"1196","Charity","5000","Asif","2020-03-31","0"
"1186","Groceries","284","Asif","2020-04-23","0"
"1187","Groceries","330","Seema","2020-04-24","0"
"1188","Entertainment","199","Asif","2020-04-27","0"
"1189","Groceries","2000","Asif","2020-04-27","0"
"1190","Charity","2000","Asif","2020-04-27","0"
"1198","Parents","5000","Asif","2020-05-02","0"
"1192","Parents","1300","Asif","2020-04-28","0"
"1199","Zakat","13080","Asif","2020-05-02","0"
"1259","Groceries","3000","Asif","2020-06-14","0"
"1201","Credit","25225.93","Asif","2020-05-01","0"
"1202","Parents","650","Asif","2020-05-02","0"
"1206","Bike","293.54","Asif","2020-05-06","0"
"1204","Groceries","2110","Asif","2020-05-04","0"
"1205","Rent","7000","Asif","2020-05-04","0"
"1207","Groceries","3000","Asif","2020-05-07","0"
"1208","Groceries","1410","Asif","2020-05-09","0"
"1209","Groceries","680","Asif","2020-05-10","0"
"1210","Groceries","3000","Asif","2020-05-11","0"
"1211","Groceries","712","Asif","2020-05-11","0"
"1212","Credit","5","Asif","2020-05-12","0"
"1213","Groceries","180","Asif","2020-05-13","0"
"1214","Parents","917.73","Asif","2020-05-13","0"
"1215","Groceries","228","Asif","2020-05-16","0"
"1216","Groceries","40","Asif","2020-05-17","0"
"1217","Parents","718.08","Asif","2020-05-18","0"
"1218","Groceries","3000","Asif","2020-05-18","0"
"1219","Personal","87","Asif","2020-05-19","0"
"1220","Personal","1771","Asif","2020-05-19","0"
"1221","Personal","288","Asif","2020-05-19","0"
"1223","Groceries","432","Asif","2020-05-20","0"
"1224","Credit","10","Asif","2020-05-20","0"
"1225","Tahiya","664","Asif","2020-05-22","0"
"1226","Parents","349","Asif","2020-05-22","0"
"1227","Parents","1735","Asif","2020-05-23","0"
"1228","Credit","1735","Asif","2020-05-23","0"
"1229","Groceries","720","Asif","2020-05-23","0"
"1230","Groceries","160","Asif","2020-05-23","0"
"1231","Groceries","50","Asif","2020-05-24","0"
"1232","Groceries","760","Asif","2020-05-25","0"
"1233","Travel","10710","Asif","2020-05-26","0"
"1234","Rent","3553","Asif","2020-06-02","0"
"1235","Travel","2999","Asif","2020-06-01","0"
"1236","Entertainment","199","Asif","2020-05-26","0"
"1237","Travel","495.9","Asif","2020-05-27","0"
"1238","Parents","365","Asif","2020-05-28","0"
"1239","Personal","330","Asif","2020-05-28","0"
"1240","Travel","5000","Asif","2020-05-28","0"
"1241","Travel","100","Asif","2020-05-28","0"
"1242","Zakat","4000","Asif","2020-05-28","0"
"1243","Recharge","100","Asif","2020-05-29","0"
"1244","Groceries","145","Asif","2020-05-29","0"
"1257","Groceries","1199","Asif","2020-06-10","0"
"1246","Travel","5000","Asif","2020-05-29","0"
"1258","Groceries","345","Asif","2020-06-12","0"
"1248","Travel","473","Asif","2020-05-30","0"
"1249","Personal","350","Asif","2020-05-31","0"
"1250","Recharge","1180","Asif","2020-05-31","0"
"1283","Savings","10000","Asif","2020-07-02","0"
"1252","Parents","10000","Asif","2020-06-02","0"
"1253","Savings","20000","Asif","2020-06-02","0"
"1254","Savings","2292.68","Asif","2020-05-31","0"
"1260","Akka","5000","Asif","2020-06-14","0"
"1261","Personal","844","Asif","2020-06-14","0"
"1262","Personal","449","Asif","2020-06-14","0"
"1263","Groceries","490","Asif","2020-06-15","0"
"1264","Personal","4245","Asif","2020-06-15","0"
"1265","Travel","1244","Asif","2020-06-01","0"
"1266","Groceries","1100","Asif","2020-06-20","0"
"1267","Personal","24","Asif","2020-06-21","0"
"1268","Groceries","2500","Asif","2020-06-21","0"
"1269","Groceries","500","Asif","2020-06-22","0"
"1270","Credit","11","Asif","2020-06-23","0"
"1277","Gate","7540","Asif","2020-06-29","0"
"1278","Credit","180","Asif","2020-06-29","0"
"1273","Entertainment","199","Asif","2020-06-26","0"
"1274","Recharge","379","Asif","2020-06-26","0"
"1275","Personal","588","Asif","2020-06-27","0"
"1287","Recharge","149","Asif","2020-07-05","0"
"1279","Groceries","2000","Asif","2020-06-30","0"
"1327","Personal","1000","Asif","2020-08-12","0"
"1282","Parents","10000","Asif","2020-07-02","0"
"1284","Savings","44711","Asif","2020-06-30","0"
"1285","Personal","280","Asif","2020-07-02","0"
"1286","Groceries","3125","Asif","2020-07-04","0"
"1289","Credit","20","Asif","2020-07-06","0"
"1290","Parents","7368","Asif","2020-07-06","0"
"1291","Groceries","400","Asif","2020-07-06","0"
"1292","Personal","200","Asif","2020-07-06","0"
"1293","Food","110","Asif","2020-07-07","0"
"1294","Personal","2200","Asif","2020-07-10","0"
"1295","Groceries","30","Asif","2020-07-07","0"
"1296","Personal","300","Asif","2020-07-11","0"
"1297","Groceries","510","Asif","2020-07-11","0"
"1298","Recharge","999","Asif","2020-07-14","0"
"1299","Groceries","2000","Asif","2020-07-15","0"
"1300","Zakat","110","Asif","2020-07-15","0"
"1301","Medical","277.67","Asif","2020-07-18","0"
"1309","Groceries","1942","Asif","2020-07-24","0"
"1302","Personal","543.97","Asif","2020-07-18","0"
"1316","Personal","2000","Asif","2020-07-26","0"
"1315","Personal","255","Asif","2020-07-24","0"
"1305","Groceries","2000","Asif","2020-07-21","0"
"1306","Charity","3000","Asif","2020-07-22","0"
"1307","Credit","6","Asif","2020-07-22","0"
"1308","Medical","293","Asif","2020-07-19","0"
"1310","Credit","10","Asif","2020-07-24","0"
"1311","Food","368","Asif","2020-07-24","0"
"1313","Groceries","1199","Asif","2020-07-18","0"
"1326","Personal","10","Asif","2020-08-10","0"
"1317","Groceries","1624.5","Asif","2020-07-26","0"
"1325","Personal","5623.28","Asif","2020-08-04","0"
"1320","Savings","11359.86","Asif","2020-07-31","0"
"1321","Savings","10000","Asif","2020-08-03","0"
"1322","Parents","10000","Asif","2020-08-03","0"
"1323","Credit","9","Asif","2020-08-03","0"
"1345","Parents","10000","Asif","2020-09-02","0"
"1328","Akka","1000","Asif","2020-08-09","0"
"1329","Food","463","Asif","2020-08-16","0"
"1330","Personal","199","Asif","2020-08-17","0"
"1331","Credit","5","Asif","2020-08-17","0"
"1332","Recharge","1199","Asif","2020-08-17","0"
"1333","Groceries","856","Asif","2020-08-14","0"
"1334","AC","12300","Asif","2020-08-17","0"
"1335","Groceries","5","Asif","2020-08-18","0"
"1336","Groceries","2600","Asif","2020-08-19","0"
"1337","Groceries","593.7","Asif","2020-08-21","0"
"1338","Groceries","2731","Asif","2020-08-22","0"
"1339","Credit","6","Asif","2020-08-26","0"
"1340","Entertainment","199","Asif","2020-08-26","0"
"1341","Groceries","565","Asif","2020-08-30","0"
"1342","Personal","2500","Asif","2020-08-30","0"
"1343","Groceries","248","Asif","2020-08-27","0"
"1344","Savings","10536.02","Asif","2020-08-31","0"
"1346","Savings","10000","Asif","2020-09-02","0"
"1380","CarryForward","-2604","Asif","2020-09-30","0"
"1348","Groceries","495","Asif","2020-09-06","0"
"1349","Groceries","189","Asif","2020-09-06","0"
"1350","Groceries","2000","Asif","2020-09-07","0"
"1351","Groceries","834","Asif","2020-09-08","0"
"1352","Groceries","1100","Asif","2020-09-09","0"
"1353","Recharge","1199","Asif","2020-09-12","0"
"1354","Groceries","1037","Asif","2020-09-12","0"
"1355","Fuel","1000","Asif","2020-09-11","0"
"1356","Savings","10000","Asif","2020-09-12","0"
"1357","Personal","12000","Asif","2020-09-12","0"
"1358","Fuel","1192","Asif","2020-09-15","0"
"1359","Personal","7200","Asif","2020-09-15","0"
"1360","Personal","1200","Asif","2020-09-18","0"
"1361","Personal","1634","Asif","2020-09-18","0"
"1362","Groceries","74","Asif","2020-09-14","0"
"1364","Groceries","49","Asif","2020-09-15","0"
"1365","Groceries","69","Asif","2020-09-18","0"
"1366","Food","285","Asif","2020-09-18","0"
"1367","Recharge","379","Asif","2020-09-24","0"
"1368","Food","155","Asif","2020-09-24","0"
"1369","Fuel","495","Asif","2020-09-26","0"
"1370","Food","565","Asif","2020-09-26","0"
"1371","Credit","150","Asif","2020-09-26","0"
"1372","Entertainment","199","Asif","2020-09-27","0"
"1373","Credit","1598","Asif","2020-09-27","0"
"1374","Groceries","88","Asif","2020-09-28","0"
"1375","Personal","5317","Asif","2020-09-29","0"
"1376","Credit","2499","Asif","2020-09-29","0"
"1377","Recharge","151","Asif","2020-09-30","0"
"1378","Savings","20000","Asif","2020-10-01","0"
"1379","Parents","10000","Asif","2020-10-01","0"
"1381","CarryForward","2604","Asif","2020-10-01","0"
"1433","Personal","2000","Asif","2020-11-03","0"
"1386","Credit","700","Basith","2020-10-03","0"
"1387","Food","45","Basith","2020-10-02","0"
"1388","Recharge","50","Basith","2020-10-03","0"
"1389","Bluetooth headset Flipkart","225","Basith","2020-10-05","0"
"1390","Food","55","Basith","2020-10-04","0"
"1391","Credit","200","Basith","2020-10-04","0"
"1392","Food","996","Asif","2020-10-03","0"
"1393","Personal","1000","Asif","2020-10-04","0"
"1394","Food","50","Basith","2020-10-04","0"
"1395","Kadam","50","Basith","2020-10-04","1"
"1396","Food","120","Basith","2020-10-06","0"
"1397","Personal","2499","Asif","2020-10-07","0"
"1398","Personal","2850","Asif","2020-10-06","0"
"1399","Personal","363","Asif","2020-10-08","0"
"1400","Personal","2650","Asif","2020-10-08","0"
"1401","Groceries","2000","Asif","2020-10-08","0"
"1402","Personal","800","Asif","2020-10-10","0"
"1403","Fuel","495","Asif","2020-10-10","0"
"1404","Personal","3600","Asif","2020-10-10","0"
"1405","Fuel","192","Asif","2020-10-06","0"
"1406","Fuel","495","Asif","2020-10-11","0"
"1407","Personal","4400","Asif","2020-10-13","0"
"1408","Personal","1630","Asif","2020-10-12","0"
"1411","Personal","3200","Asif","2020-10-16","0"
"1410","Personal","3000","Asif","2020-10-14","0"
"1412","Credit","115","Asif","2020-10-15","0"
"1413","Recharge","1199","Asif","2020-10-16","0"
"1414","Personal","370","Asif","2020-10-17","0"
"1415","Groceries","284","Asif","2020-10-18","0"
"1419","Credit","5","Asif","2020-10-21","0"
"1417","Food","590","Asif","2020-10-18","0"
"1420","Food","250","Asif","2020-10-24","0"
"1421","Entertainment","199","Asif","2020-10-27","0"
"1422","Recharge","379","Asif","2020-10-28","0"
"1423","Personal","160","Asif","2020-10-31","0"
"1424","Personal","20","Asif","2020-10-31","0"
"1425","Bike","2028","Asif","2020-11-01","0"
"1426","Personal","50","Asif","2020-11-02","0"
"1427","Credit","4050","Asif","2020-10-31","0"
"1428","Carry Forward","4050","Asif","2020-11-02","0"
"1429","Charity","1000","Asif","2020-11-02","0"
"1430","Parents","10700","Asif","2020-11-02","0"
"1431","Savings","20000","Asif","2020-11-02","0"
"1461","Savings","20000","Asif","2020-12-01","0"
"1436","Parents","650","Asif","2020-11-05","0"
"1438","Personal","199","Asif","2020-11-08","0"
"1450","Personal","80","Asif","2020-11-21","0"
"1437","Medical","380","Asif","2020-11-05","0"
"1439","Groceries","281","Asif","2020-11-08","0"
"1440","Personal","3080","Asif","2020-11-08","0"
"1441","Credit","101","Asif","2020-11-09","0"
"1442","Personal","696","Asif","2020-11-09","0"
"1443","Food","310","Asif","2020-11-09","0"
"1444","Personal","1500","Asif","2020-11-10","0"
"1445","Recharge","1199","Asif","2020-11-10","0"
"1446","Credit","9","Asif","2020-11-12","0"
"1447","Personal","14000","Asif","2020-11-15","0"
"1448","Credit","1700","Asif","2020-11-19","0"
"1449","Personal","775","Asif","2020-11-22","0"
"1451","Food","360","Asif","2020-11-16","0"
"1452","Food","555","Asif","2020-11-27","0"
"1453","Credit","500","Asif","2020-11-27","0"
"1454","Fuel","1495","Asif","2020-11-25","0"
"1455","Entertainment","199","Asif","2020-11-27","0"
"1456","Food","235","Asif","2020-11-28","0"
"1457","Travel","1200","Asif","2020-11-21","0"
"1458","Credit","190","Asif","2020-12-01","0"
"1465","Groceries","3163","Asif","2020-12-03","0"
"1460","Carry forward","190","Asif","2020-11-30","0"
"1462","Credit","64902","Asif","2020-12-01","0"
"1463","Parents","10700","Asif","2020-12-01","0"
"1464","Personal","14000","Asif","2020-12-01","0"
"1466","Food","490","Asif","2020-12-08","0"
"1467","Recharge","1199","Asif","2020-12-11","0"
"1468","Personal","1000","Asif","2020-12-09","0"
"1472","Recharge","379","Asif","2020-12-15","0"
"1470","Food","522.9","Asif","2020-12-12","0"
"1471","Food","320","Asif","2020-12-12","0"
"1481","Groceries","5000","Asif","2020-12-21","0"
"1474","Food","559","Asif","2020-12-19","0"
"1475","Fuel","500","Asif","2020-12-19","0"
"1476","Charity","1000","Asif","2020-12-01","0"
"1477","Recharge","48","Asif","2020-12-17","0"
"1478","Food","100","Asif","2020-12-20","0"
"1479","Credit","200","Asif","2020-12-20","0"
"1480","Food","400","Asif","2020-12-23","0"
"1482","Credit","21","Asif","2020-12-25","0"
"1483","Personal","200","Asif","2020-12-25","0"
"1484","Entertainment","199","Asif","2020-12-27","1"
"1485","Electrical","1600","Asif","2021-01-19","0"
"1486","Electrical","1000","Asif","2021-01-20","0"
"1487","Electrical","3900","Asif","2021-01-21","0"
"1488","Credit","100000","Asif","2021-01-01","0"
"1489","Painting","60000","Asif","2021-01-22","0"
"1490","Fuel","1000","Asif","2021-01-22","0"
"1491","Dress","4900","Asif","2021-01-22","0"
"1492","Painting","15000","Asif","2021-01-23","0"
"1493","Travel","11500","Asif","2021-01-26","0"
"1494","Credit","40000","Asif","2021-01-27","0"
"1495","Painting","15000","Asif","2021-01-27","0"
"1496","Painting","10000","Asif","2021-01-30","0"
"1497","Painting","10000","Asif","2021-02-02","0"
"1498","Credit","40000","Asif","2021-02-04","0"
"1499","Carpenter","7750","Asif","2021-02-04","0"
"1500","Painting","10350","Asif","2021-02-06","0"
"1501","Travel","1000","Asif","2021-02-01","0"
"1502","Dress","8300","Asif","2021-02-06","0"
"1503","Carpenter","1000","Asif","2021-02-07","0"
"1504","Garden","1700","Asif","2021-02-07","0"
"1505","Credit","40000","Asif","2021-02-12","0"
"1506","Painting","10000","Asif","2021-02-12","0"
"1507","Masjid","10700","Asif","2021-02-15","0"
"1508","Credit","30000","Asif","2021-02-17","0"
"1509","Painting","50000","Asif","2021-02-17","0"
"1510","Auditorium","1000","Asif","2021-02-20","0"
"1511","Painting","13000","Asif","2021-02-22","0"
"1512","Credit","13000","Asif","2021-02-22","0"
"1513","Credit","324900","Asif","2021-02-22","0"
"1514","Gold","233000","Asif","2021-02-22","0"
"1515","Plumbing","3200","Asif","2021-02-22","0"
"1520","Electrical","400","Asif","2021-03-03","0"
"1517","Dress","36500","Asif","2021-02-27","0"
"1518","Dress","1500","Asif","2021-02-28","0"
"1519","Travel","800","Asif","2021-02-28","0"
"1521","Photographer","100","Asif","2021-03-03","0"
"1523","Accessories","500","Asif","2021-03-04","0"
"1524","Washing machine","16000","Asif","2021-03-05","0"
"1525","Card","1500","Asif","2021-03-06","0"
"1526","Accessories","2850","Asif","2021-03-06","0"
"1528","Dress","12400","Asif","2021-03-07","0"
"1529","Card","1650","Asif","2021-03-09","0"
"1530","Dress","3800","Asif","2021-03-11","0"
"1531","Chips","2000","Asif","2021-03-12","0"
"1532","Dress","5500","Asif","2021-03-13","0"
"1533","Credit","6500","Asif","2021-03-15","0"
"1534","Credit","3280","Asif","2021-03-15","0"
"1535","Car","3345","Asif","2021-03-15","0"
"1536","Fuel","500","Asif","2021-03-16","0"
"1537","Credit","5900","Asif","2021-03-18","0"
"1538","Gold","27900","Asif","2021-03-18","0"
"1539","Accessories","2000","Asif","2021-03-18","0"
"1540","Accessories","500","Asif","2021-03-19","0"
"1541","Fuel","1000","Asif","2021-03-20","0"
"1542","Decoration","500","Asif","2021-03-20","0"
"1545","Accessories","150","Asif","2021-03-20","0"
"1544","Credit","50000","Asif","2021-03-20","0"
"1583","Kit","1600","Asif","2021-06-11","0"
"1547","Food","1065","Asif","2021-03-20","0"
"1548","Decoration","1500","Asif","2021-03-21","0"
"1549","Food","3000","Asif","2021-03-21","0"
"1550","Food","50","Asif","2021-03-21","0"
"1551","Photographer","5000","Asif","2021-03-21","0"
"1552","Travel","36700","Asif","2021-03-21","0"
"1553","Food","1000","Asif","2021-03-21","0"
"1554","Travel","1100","Asif","2021-03-23","0"
"1555","Fuel","1000","Asif","2021-03-21","0"
"1559","Photographer","5000","Asif","2021-03-25","0"
"1558","Credit","50000","Asif","2021-03-25","0"
"1560","Travel","28000","Asif","2021-03-31","0"
"1561","Photographer","8000","Asif","2021-04-03","0"
"1562","Fuel","1000","Asif","2021-04-03","0"
"1563","Accessories","500","Asif","2021-04-03","0"
"1564","Fuel","2000","Asif","2021-04-07","0"
"1565","Car","5500","Asif","2021-04-13","0"
"1566","Credit","50000","Asif","2021-04-22","0"
"1567","Electrical","3000","Asif","2021-04-22","0"
"1568","Dress","2000","Asif","2021-04-22","0"
"1569","Fuel","1000","Asif","2021-04-24","0"
"1570","Fuel","1000","Asif","2021-04-26","0"
"1571","Dress","10500","Asif","2021-04-26","0"
"1572","Credit","1099","Asif","2021-04-30","0"
"1573","Dress","1299","Asif","2021-04-30","0"
"1574","Electrical","1370","Asif","2021-04-30","0"
"1584","Kit","1500","Asif","2021-06-13","0"
"1576","Car","11000","Asif","2021-05-03","0"
"1577","Accessories","1000","Asif","2021-05-26","0"
"1578","Accessories","1600","Asif","2021-05-26","0"
"1579","Dress","1300","Asif","2021-05-27","0"
"1580","Fuel","2000","Asif","2021-05-30","0"
"1581","Food","2000","Asif","2021-05-30","0"
"1582","Charity","1000","Asif","2021-05-30","0"
"1585","Kit","900","Asif","2021-06-15","0"
"1586","Credit","1000","Asif","2021-06-14","0"
"1587","Car","1000","Asif","2021-06-15","0"
"1588","Car","1000","Asif","2021-06-14","0"
"1589","Car","15604","Asif","2021-06-15","0"
"1590","Credit","15604","Asif","2021-06-15","0"
"1591","Car","970","Asif","2021-06-25","0"
"1592","Credit","970","Asif","2021-06-25","0"
"1593","Fuel","500","Asif","2021-06-25","0"
"1594","Fuel","1000","Asif","2021-06-27","0"
"1595","Kit","700","Asif","2021-06-30","0"
"1596","Kit","700","Asif","2021-07-03","0"
"1597","Credit","246248.33","Asif","2021-07-07","0"
"1598","Kit","700","Asif","2021-07-04","0"
"1599","Credit","700","Asif","2021-07-04","0"
"1600","Kit","700","Asif","2021-07-07","0"
"1601","Furniture","8800","Asif","2021-07-07","0"
"1602","Credit","8800","Asif","2021-07-07","0"
"1603","Akka","30000","Asif","2021-07-07","0"
"1604","Credit","30000","Asif","2021-07-07","0"
"1605","Car","8858","Asif","2021-07-09","0"
"1606","Fuel","2000","Asif","2021-07-14","0"
"1608","Dress","16877","Asif","2021-07-14","0"
"1609","Kit","700","Asif","2021-07-19","0"
"1610","Gift","1774.5","Asif","2021-07-24","0"
"1611","Groceries","1100","Asif","2021-07-24","0"
"1612","Groceries","1779.5","Asif","2021-07-25","0"
"1615","Internet","4000","Asif","2021-07-26","0"
"1614","Food","910","Asif","2021-07-25","0"
"1616","Decoration","50","Asif","2021-07-26","0"
"1617","Fuel","737.94","Asif","2021-07-26","0"
"1618","Food","105000","Asif","2021-07-26","0"
"1619","Medical","790","Asif","2021-07-28","0"
"1620","Akka kadam","60000","Asif","2021-07-29","0"
"1621","Charges","12","Asif","2021-07-29","0"
"1624","Credit","25000","Asif","2021-09-01","0"
"1623","Credit","100","Asif","2021-08-06","0"
"1625","Shortage","8647.47","Asif","2021-08-31","0"
"1626","Credit","8500","Asif","2021-09-01","0"
"1627","Credit","26100","Asif","2021-10-02","0"
"1628","Credit","8000","Asif","2021-10-01","0"
"1629","Credit","197","Asif","2021-10-15","0"
"1630","Credit","35000","Asif","2021-11-14","0"
"1631","Credit","950","Asif","2021-11-20","0"
"1632","Credit","10000","Asif","2021-11-29","0"
"1633","Charity","6500","Asif","2021-11-30","0"
"1634","Credit","8000","Asif","2021-11-30","0"
"1635","Credit","3852","Asif","2021-12-01","0"
"1636","Credit","25000","Asif","2021-12-01","0"
"1637","Credit","34.4","Asif","2021-12-01","0"
"1638","Credit","11","Asif","2021-12-04","0"
"1639","Credit","30000","Asif","2022-01-02","0"
"1640","Credit","10000","Asif","2021-12-16","0"
"1642","Credit","8000","Asif","2022-01-02","0"
"1668","Medical","1000","Asif","2022-06-27","0"
"1669","Car","15000","Asif","2022-06-30","0"
"1670","Medical","5000","Asif","2022-07-02","0"
"1671","Credit","15000","Asif","2022-07-02","0"
"1672","Credit","49000","Asif","2022-07-11","0"
"1673","Credit","30000","Asif","2022-08-01","0"
"1674","Car","15000","Asif","2022-08-01","0"
"1675","Atha umrah","10006","Asif","2022-08-09","0"
"1676","Medical","4581","Asif","2022-08-31","0"
"1677","Dongle","2000","Asif","2022-08-22","0"
"1678","Medical","26402","Asif","2022-09-03","0"
"1679","Atha umrah","80000","Asif","2022-09-13","0"
"1680","Credit","7000","Asif","2022-09-02","0"
"1681","Travel","2","Asif","2022-09-12","0"
"1682","Credit","10000","Asif","2022-09-24","0"
"1683","Umrah","87000","Asif","2022-09-24","0"
"1684","Umrah","23000","Asif","2022-09-27","0"
"1685","Credit","11000","Asif","2022-09-30","0"
"1686","Travel","2","Asif","2022-09-14","0"
"1687","Credit","12000","Asif","2022-10-02","0"
"1688","Credit","20000","Asif","2022-10-21","0"
"1689","Nasimkka","17900","Asif","2022-10-29","0"
"1690","Credit","54000","Asif","2022-10-31","0"
"1692","Credit","180000","Asif","2022-11-02","0"
"1693","Credit","10000","Asif","2022-11-30","0"
"1694","Credit","54000","Asif","2022-12-01","0"
"1695","Credit","21000","Asif","2022-12-01","0"
"1696","Kada - jcb","6500","Asif","2022-12-18","0"
"1697","Credit","54000","Asif","2023-01-01","0"
"1698","Credit","26000","Asif","2023-01-02","0"
"1699","Charity","7500","Asif","2023-01-10","0"
"1700","Kattil","25500","Asif","2023-01-11","0"
"1701","Credit","54000","Asif","2023-02-01","0"
"1702","Credit","26000","Asif","2023-02-01","0"
"1703","Charity","5000","Asif","2023-02-12","0"
"1704","Kada - kinar","5000","Asif","2023-02-16","0"
"1705","Kada - kinar","10000","Asif","2023-02-20","0"
"1706","Kada - electricity","5800","Asif","2023-02-22","0"
"1707","Kada - kinar","5000","Asif","2023-02-25","0"
"1708","Kada - electricity","1000","Asif","2023-02-25","0"
"1709","Kada - electricity","4054","Asif","2023-02-27","0"
"1710","Kada - kinar","15600","Asif","2023-02-27","0"
"1711","Kada - electricity","500","Asif","2023-02-27","0"
"1712","Kada - electricity","500","Asif","2023-02-28","0"
"1713","Credit","100000","Asif","2023-02-28","0"
"1714","Credit","31350.95","Asif","2023-03-01","0"
"1715","Kada - kinar","400","Asif","2023-03-01","0"
"1716","Kada - kinar","30000","Asif","2023-03-02","0"
"1717","Kada - kinar","5000","Asif","2023-03-06","0"
"1718","Kada - motor","11100","Asif","2023-03-15","0"
"1719","Credit","147200","Asif","2023-03-17","0"
"1720","Kada - jcb","3200","Asif","2023-03-22","0"
"1721","Kada - tank","3300","Asif","2023-03-26","0"
"1722","Kada - plumber","500","Asif","2023-03-26","0"
"1723","Kada - permit","5000","Asif","2023-03-27","0"
"1724","Kada - water","450","Asif","2023-03-27","0"
"1725","Kada - steel","102499.51","Asif","2023-04-01","0"
"1726","Credit","30000","Asif","2023-04-03","0"
"1727","Kada - shameer","100000","Asif","2023-04-04","0"
"1728","Kada - cement","33750","Asif","2023-04-04","0"
"1729","Kada - shameer","263750","Asif","2023-04-05","0"
"1730","Credit","50000","Asif","2023-04-06","0"
"1731","Kada - steel","43125","Asif","2023-04-11","0"
"1732","Credit","451390","Asif","2023-04-14","0"
"1733","Kada - shameer","456870","Asif","2023-04-14","0"
"1734","Charges","242","Asif","2023-04-12","0"
"1735","Kada - steel","5120","Asif","2023-04-21","0"
"1736","Medical","15747","Asif","2023-04-25","0"
"1737","Credit","90000","Asif","2023-04-28","0"
"1738","Credit","77600","Asif","2023-05-02","0"
"1739","Jcb","3000","Asif","2023-05-15","0"
"1740","Medical","17590","Asif","2023-05-16","0"
"1742","Medical","65000","Asif","2023-05-26","0"
"1743","Medical","20897","Asif","2023-05-26","0"
"1744","Kada - plumber","250","Asif","2023-05-28","0"
"1745","Kada - plumber","500","Asif","2023-05-18","0"
"1746","Credit","90000","Asif","2023-06-01","0"
"1747","Medical","28390","Asif","2023-05-31","0"
"1748","Credit","50000","Asif","2023-06-01","0"
"1749","Medical","15997","Asif","2023-06-03","0"
"1750","Kada - steel","147640","Asif","2023-06-10","0"
"1751","Medical","3050","Asif","2023-06-06","0"
"1752","Medical","10276","Asif","2023-06-08","0"
"1754","Kada - shameer","50000","Asif","2023-06-12","0"
"1755","Kada - electricity","4000","Asif","2023-06-16","0"
"1756","Medical","19721","Asif","2023-06-27","0"
"1757","Medical","4421.94","Asif","2023-06-25","0"
"1758","Dress","8870","Asif","2023-06-24","0"
"1759","Charges","18","Asif","2023-06-10","0"
"1760","Credit","84400","Asif","2023-06-30","0"
"1761","Medical","500","Asif","2023-07-01","0"
"1762","Credit","24400","Asif","2023-07-01","0"
"1763","Medical","691","Asif","2023-07-01","0"
"1764","Medical","1398","Asif","2023-07-25","0"
"1765","Kada - plumber","670","Asif","2023-07-24","0"
"1766","Credit","80000","Asif","2023-07-31","0"
"1777","Medical","2294","Asif","2023-08-02","0"
"1768","Medical","25000","Asif","2023-08-01","0"
"1769","Medical","550","Asif","2023-08-01","0"
"1770","Medical","30000","Asif","2023-08-01","0"
"1771","Medical","1629","Asif","2023-08-01","0"
"1772","Medical","9194","Asif","2023-08-01","0"
"1773","Credit","45000","Asif","2023-08-02","0"
"1774","Kada - kadam - amma","50000","Asif","2023-08-02","0"
"1775","Charity","16000","Asif","2023-08-14","0"
"1776","Medical","2177","Asif","2023-08-15","0"
"1778","Charges","6","Asif","2023-08-04","0"
"1779","Medical","8304","Asif","2023-08-21","0"
"1780","Medical","1100","Asif","2023-08-21","0"
"1782","Credit","5000","Asif","2023-08-25","0"
"1783","Credit","80000","Asif","2023-08-31","0"
"1784","Kada - shameer","50000","Asif","2023-08-31","0"
"1785","Credit","50000","Asif","2023-09-01","0"
"1786","Kada - kadam - atha","50000","Asif","2023-09-01","0"
"1787","Charity","10000","Asif","2023-09-01","0"
"1788","Medical","10196","Asif","2023-09-05","0"
"1789","Medical","6650","Asif","2023-09-26","0"
"1804","Medical","1700","Asif","2023-11-22","0"
"1791","Credit","5000","Asif","2023-09-19","0"
"1792","Credit","90000","Asif","2023-09-30","0"
"1793","Credit","50000","Asif","2023-10-02","0"
"1794","Kada - kadam - vaapi","79270","Asif","2023-10-04","0"
"1796","Medical","19314","Asif","2023-10-10","0"
"1797","Kada - kadam - akka","100000","Asif","2023-10-22","0"
"1798","Credit","1269.72","Asif","2023-10-31","0"
"1799","Credit","90000","Asif","2023-10-31","0"
"1800","Credit","2298.79","Asif","2023-10-31","0"
"1801","Credit","50000","Asif","2023-11-02","0"
"1802","Medical","12618","Asif","2023-11-08","0"
"1803","Kada - kadam - vaapi","20730","Asif","2023-11-09","0"
"1805","Medical","2350","Asif","2023-11-21","0"
"1807","Medical","500","Asif","2023-11-23","0"
"1808","Medical","6000","Asif","2023-11-25","0"
"1809","Credit","90000","Asif","2023-12-01","0"
"1810","Kada - kadam - vaapi","100000","Asif","2023-12-01","0"
"1811","Medical","8500","Asif","2023-12-01","0"
"1812","Credit","71990.15","Asif","2023-12-01","0"
"1832","Kada - kadam - akka","25000","Asif","2024-02-17","0"
"1814","Sadaka","6000","Asif","2023-12-04","0"
"1815","Medical","2250","Asif","2023-12-06","0"
"1817","Credit","147000","Asif","2023-12-31","0"
"1818","Medical","7836","Asif","2023-12-29","0"
"1819","Credit","40835.11","Asif","2024-01-01","0"
"1820","Medical","3204","Asif","2024-01-05","0"
"1821","Charity","10000","Asif","2024-01-16","0"
"1822","Medical","1000","Asif","2024-01-22","0"
"1823","Medical","7917","Asif","2024-01-27","0"
"1824","Medical","3642","Asif","2024-01-29","0"
"1825","Credit","90000","Asif","2024-01-31","0"
"1826","Credit","40000","Asif","2024-02-01","0"
"1827","Kada - kadam - akka","100000","Asif","2024-02-02","0"
"1828","Medical","10000","Asif","2024-02-03","0"
"1829","Credit","14433","Asif","2024-02-02","0"
"1830","Kada - kadam - akka","75000","Asif","2024-02-06","0"
"1831","Kada - kadam - akka","25000","Asif","2024-02-10","0"
"1833","Medical","3440","Asif","2024-02-20","0"
"1834","Credit","570","Asif","2024-02-22","0"
"1835","Credit","5000","Asif","2024-02-27","0"
"1836","Credit","1137","Asif","2024-02-29","0"
"1837","Kada - painting","1137","Asif","2024-02-29","0"
"1838","Credit","106000","Asif","2024-02-29","0"
"1839","Credit","29000","Asif","2024-03-01","0"
"1840","Credit","13906","Asif","2024-03-01","0"
"1841","Kada - painting","3906","Asif","2024-03-01","0"
"1842","Kada - jcb","15000","Asif","2024-03-01","0"
"1843","Medical","3495","Asif","2024-03-08","0"
"1844","Medical","2530","Asif","2024-02-21","0"
"1845","Medical","500","Asif","2024-03-11","0"
"1846","Medical","1530","Asif","2024-03-12","0"
"1847","Medical","1999","Asif","2024-03-16","0"
"1849","Medical","2094","Asif","2024-03-20","0"
"1859","Maid","4000","Asif","2024-04-02","0"
"1860","Credit","30080","Asif","2024-04-02","0"
"1854","Medical","1250","Asif","2024-03-23","0"
"1855","Medical","280","Asif","2024-03-26","0"
"1856","Charges","885","Asif","2024-03-26","0"
"1857","Medical","930","Asif","2024-03-27","0"
"1858","Credit","90000","Asif","2024-03-28","0"
"1861","Medical","750","Asif","2024-03-30","0"
"1862","Medical","2780","Asif","2024-04-03","0"
"1863","Medical","5400","Asif","2024-04-04","0"
"1864","Medical","19463","Asif","2024-04-08","0"
"1865","Food","4600","Asif","2024-04-08","0"
"1866","Baby photos","1650","Asif","2024-04-08","0"
"1867","Akikah","26000","Asif","2024-04-13","0"
"1868","Plumbing","12920","Asif","2024-04-17","0"
"1869","Credit","103200","Asif","2024-04-17","0"
"1870","Medical","900","Asif","2024-04-20","0"
"1871","Medical","2708","Asif","2024-04-19","0"
"1872","Credit","109000","Asif","2024-04-30","0"
"1873","Akikah","24000","Asif","2024-05-01","0"
"1874","Credit","95080","Asif","2024-05-01","0"
"1875","Credit","5796","Asif","2024-05-01","0"
"1876","Medical","1000","Asif","2024-05-04","0"
"1877","Medical","3940","Asif","2024-05-06","0"
"1878","Kada - kadam - akka","68160","Asif","2024-05-13","0"
"1879","Kadam - akka - insurance","4793","Asif","2024-05-13","0"
"1880","Zaeem - caretaker","40000","Asif","2024-05-07","0"
"1881","Medical","470","Asif","2024-05-10","0"
"1882","Medical","2378","Asif","2024-05-11","0"
"1883","Medical","432","Asif","2024-05-09","0"
"1884","Medical","1845","Asif","2024-05-07","0"
"1885","Breast pump","8600","Asif","2024-05-15","0"
"1886","Medical","8476","Asif","2024-05-20","0"
"1887","Credit","5000","Asif","2024-05-30","0"
"1888","Credit","100000","Asif","2024-05-31","0"
"1889","Credit","50000","Asif","2024-06-02","0"
"1890","Credit","9000","Asif","2024-06-02","0"
"1891","Medical","8761","Asif","2024-06-22","0"
"1892","Credit","95000","Asif","2024-06-28","0"
"1893","Kada - shameer","150000","Asif","2024-07-11","0"
"1894","Credit","50000","Asif","2024-07-01","0"
"1895","Medical","9053","Asif","2024-07-24","0"
"1896","Kada - electricity","1900","Asif","2024-07-20","0"
"1897","Kada - shameer","10000","Asif","2024-07-24","0"
"1898","Credit","2516","Asif","2024-07-26","0"
"1900","Credit","55000","Asif","2024-08-01","0"
"1901","Credit","95000","Asif","2024-08-01","0"
"1902","Nasimkka","11000","Asif","2024-08-01","0"
"1903","Kada - shameer","50000","Asif","2024-08-06","0"
"1904","Credit","100000","Asif","2024-08-06","0"
"1905","Credit","100000","Asif","2024-08-08","0"
"1906","Credit","100000","Asif","2024-08-10","0"
"1907","Breast pump","6199","Asif","2024-08-04","0"
"1908","Credit","199","Asif","2024-08-16","0"
"1909","Kada - shameer","40000","Asif","2024-08-13","0"
"1910","Kada - shameer","15000","Asif","2024-08-16","0"
"1911","Kada - shameer","15000","Asif","2024-08-19","0"
"1912","Kada - shameer","10000","Asif","2024-08-21","0"
"1913","Kada - shameer","10000","Asif","2024-08-22","0"
"1914","Kada - generator","1000","Asif","2024-08-21","0"
"1915","Kada - steel","300000","Asif","2024-08-23","0"
"1916","Kada - steel","26780","Asif","2024-08-26","0"
"1918","Kada - shameer","7500","Asif","2024-08-26","0"
"1919","Kada - shameer","325800","Asif","2024-08-27","0"
"1922","Credit","95000","Asif","2024-08-30","0"
"1921","Kada - food","1100","Asif","2024-08-27","0"
"1923","Charges","12","Asif","2024-08-28","0"
"1924","Credit","55000","Asif","2024-09-02","0"
"1925","Kada- steel","30830","Asif","2024-09-04","0"
"1926","Kada - shameer","12000","Asif","2024-09-04","0"
"1927","Kada - shameer","7170","Asif","2024-09-06","0"
"1930","Kada - shameer","10000","Asif","2024-09-08","0"
"1931","Kada - shameer","40000","Asif","2024-09-09","0"
"1932","Bed","2500","Asif","2024-09-12","0"
"1933","Credit","100000","Asif","2024-09-30","0"
"1934","Credit","500","Asif","2024-09-28","0"
"1935","Credit","45000","Asif","2024-10-01","0"
"1936","Credit","11000","Asif","2024-10-01","0"
"1937","Credit","700","Asif","2024-10-06","0"
"1938","Kada - gate","2800","Asif","2024-10-05","0"
"1939","Atha Bike Tyre","2900","Asif","2024-10-08","0"
"1944","Credit","50000","Asif","2024-10-23","0"
"1943","Medical","7175","Asif","2024-10-15","0"
"1945","Kada - steel","270705","Asif","2024-10-23","0"
"1946","Kada - shameer","29295","Asif","2024-10-23","0"
"1949","Kada - shameer","150000","Asif","2024-10-28","0"
"1950","Kada - food","1200","Asif","2024-10-28","0"
"1951","Credit","100000","Asif","2024-10-31","0"
"1952","Credit","11000","Asif","2024-11-01","0"
"1953","Credit","180000","Asif","2024-11-01","0"
"1954","Kada - shameer","50000","Asif","2024-11-09","0"
"1955","Ichu gift","5200","Asif","2024-11-08","0"
"1956","Medical","4500","Asif","2024-11-18","0"
"1957","Car","3930","Asif","2024-11-18","0"
"1958","Kada - kadam - akka","25000","Asif","2024-11-22","0"
"1959","Maid","1650","Asif","2024-11-23","0"
"1960","Medical","5000","Asif","2024-11-25","0"
"1961","Medical","10000","Asif","2024-11-27","0"
"1962","Credit","61000","Asif","2024-11-30","0"
"1966","Maid","15000","Asif","2024-12-01","0"
"1965","Credit","62197.8","Asif","2024-12-01","0"
"1972","Medical","1500","Asif","2024-12-08","0"
"1968","Medical","3000","Asif","2024-12-08","0"
"1969","Travel","6000","Asif","2024-12-09","0"
"1970","Travel","1300","Asif","2024-12-08","0"
"1971","Travel","2800","Asif","2024-12-09","0"
"1973","Blr - rent","45000","Asif","2024-12-15","0"
"1974","Blr - brocker","20500","Asif","2024-12-15","0"
"1975","Blr - travel","14618","Asif","2024-12-15","0"
"1976","Blr - travel","3252.9","Asif","2024-12-12","0"
"1977","Hasir kadam","10000","Asif","2024-12-18","0"
"1978","Medical","10000","Asif","2024-12-18","0"
"1979","Blr - travel","1542","Asif","2024-12-14","0"
"1980","Blr - mattress","24545.99","Asif","2024-12-18","0"
"1981","Kada - kadam - akka","25000","Asif","2024-12-22","0"
"1982","Blr - agreement","400","Asif","2024-12-27","0"
"1983","Blr - deposit","10000","Asif","2024-12-28","0"
"1984","Blr - travel","1783.95","Asif","2024-12-29","0"
"1985","Blr - deposit","90000","Asif","2025-01-01","0"
"1986","Credit","111000","Asif","2024-12-31","0"
"1987","Blr - courier charges","5334","Asif","2024-12-31","0"
"1988","Credit","70000","Asif","2025-01-01","0"
"1989","Food","2326","Asif","2025-01-04","0"
"1990","Travel","2891","Asif","2025-01-02","0"
"1991","Travel","403.6","Asif","2025-01-03","0"
"2009","Food","489","Asif","2025-01-08","0"
"1993","Blr - home","28130","Asif","2025-01-03","0"
"1994","Blr - home","11.07","Asif","2025-01-04","0"
"1995","Blr - home","19225.56","Asif","2025-01-04","0"
"2010","Blr - home","2586","Asif","2025-01-09","0"
"1997","Blr - brocker","20000","Asif","2025-01-05","0"
"1998","Blr - home","8222.67","Asif","2025-01-05","0"
"1999","Blr - home","1000","Asif","2025-01-04","0"
"2001","Blr - home","2817.41","Asif","2025-01-06","0"
"2002","Blr - courier charges","1091","Asif","2025-01-06","0"
"2003","Blr - home","3000","Asif","2025-01-06","0"
"2004","Blr - home","5215","Asif","2025-01-06","0"
"2005","Blr - home","12789","Asif","2025-01-07","0"
"2006","Blr - home","10718.65","Asif","2025-01-07","0"
"2008","Blr - home","9238.96","Asif","2025-01-08","0"
"2011","Blr - home","1299","Asif","2025-01-10","0"
"2012","Blr - home","1580","Asif","2025-01-11","0"
"2013","Bike service","5969","Asif","2025-01-11","0"
"2014","Blr - home","1489","Asif","2025-01-11","0"
"2015","Blr - home","1551","Asif","2025-01-12","0"
"2016","Blr - car","4311","Asif","2025-01-18","0"
"2017","Kada - shameer","25000","Asif","2025-01-20","0"
"2018","Insurance","18328","Asif","2025-01-24","0"
"2019","Kada - kadam - akka","25000","Asif","2025-01-24","0"
"2020","Medical","1937","Asif","2025-01-25","0"
"2021","Travel","22175","Asif","2025-01-30","0"
"2022","Credit","111000","Asif","2025-02-01","0"
"2023","Blr - deposit","100000","Asif","2025-02-01","0"
"2136","Decor","2078","Asif","2025-08-11","0"
"2025","Credit","3590","Asif","2025-02-06","0"
"2027","Travel","41735.43","Asif","2025-02-27","0"
"2028","Kada - kadam - akka","25000","Asif","2025-02-27","0"
"2029","Credit","120000","Asif","2025-02-28","0"
"2030","Travel","950","Asif","2025-03-04","0"
"2031","Travel","10833","Asif","2025-03-05","0"
"2032","Farsu","5951.41","Asif","2025-03-05","0"
"2033","Zakat","15700","Asif","2025-03-05","0"
"2034","Travel","10000","Asif","2025-03-06","0"
"2035","Medical","15650","Asif","2025-03-08","0"
"2070","Groceries","4377.1","Asif","2025-04-29","0"
"2037","Credit","20000","Asif","2025-03-13","0"
"2038","Credit","3500","Asif","2025-03-17","0"
"2039","Kada - kadam - akka","25000","Asif","2025-03-23","0"
"2040","Travel","7143","Asif","2025-03-23","0"
"2042","Credit","90000","Asif","2025-03-27","0"
"2043","Credit","171000","Asif","2025-03-28","0"
"2050","Travel","75000","Asif","2025-04-08","0"
"2045","Hashmi","1200","Asif","2025-03-29","0"
"2046","Charges","885","Asif","2025-03-26","0"
"2047","Naja","6500","Asif","2025-04-02","0"
"2048","Food","1728","Asif","2025-04-05","0"
"2049","Medical","5886","Asif","2025-04-05","0"
"2051","Zaeem","2350","Asif","2025-04-08","0"
"2052","Travel","538.6","Asif","2025-04-08","0"
"2054","Travel","73244","Asif","2025-04-09","0"
"2053","Travel","3400","Asif","2025-04-08","0"
"2055","Travel","14366","Asif","2025-04-09","0"
"2056","Travel","4092.9","Asif","2025-04-09","0"
"2057","Parents","10000","Asif","2025-04-08","0"
"2058","Bike","1010","Asif","2025-04-10","0"
"2059","Food","1115","Asif","2025-04-13","0"
"2062","Kada - work","2000","Asif","2025-04-15","0"
"2061","Food","590","Asif","2025-04-14","0"
"2063","Groceries","3682.63","Asif","2025-04-18","0"
"2064","Travel","562","Asif","2025-04-19","0"
"2065","Medical","5897","Asif","2025-04-19","0"
"2066","Car","14538","Asif","2025-04-22","0"
"2067","Kada - kadam - akka","25000","Asif","2025-04-23","0"
"2068","Food","1070","Asif","2025-04-27","0"
"2069","Credit","140000","Asif","2025-04-29","0"
"2071","Groceries","656.05","Asif","2025-04-30","0"
"2072","Credit","41686","Asif","2025-05-01","0"
"2073","Battery","1272","Asif","2025-05-05","0"
"2074","Personal","2196","Asif","2025-05-05","0"
"2076","Parents","4000","Asif","2025-05-12","0"
"2077","Pothu","12000","Asif","2025-05-18","0"
"2078","Travel","1900","Asif","2025-05-19","0"
"2079","Kada - kadam - akka","25000","Asif","2025-05-22","0"
"2080","Travel","46248.08","Asif","2025-05-27","0"
"2081","Credit","140000","Asif","2025-06-01","0"
"2082","Travel","6865.93","Asif","2025-06-01","0"
"2083","Travel","5170","Asif","2025-06-05","0"
"2084","Eid","2500","Asif","2025-06-07","0"
"2085","Travel","16947","Asif","2025-06-09","0"
"2086","Car","16958","Asif","2025-06-12","0"
"2087","Contribution","880","Asif","2025-06-13","0"
"2088","Travel","1196","Asif","2025-06-14","0"
"2089","Nobrocker","2358.82","Asif","2025-06-18","0"
"2091","Kada - kadam - akka","25000","Asif","2025-06-22","0"
"2092","Travel","17000","Asif","2025-06-26","0"
"2093","Magicbricks","1599","Asif","2025-06-23","0"
"2094","Medical","1563","Asif","2025-06-28","0"
"2095","Travel","131.8","Asif","2025-06-29","0"
"2096","Travel","22388","Asif","2025-06-29","0"
"2097","Travel","2056","Asif","2025-06-30","0"
"2098","Credit","128000","Asif","2025-06-30","0"
"2104","Sobha move in charges","3200","Asif","2025-07-05","0"
"2100","FlatDeposit","100000","Asif","2025-07-01","0"
"2101","Rent","20000","Asif","2025-07-01","0"
"2102","FlatMaintainance","12500","Asif","2025-07-01","0"
"2103","Credit","47566.4","Asif","2025-07-01","0"
"2105","Ac repair","1800","Asif","2025-07-06","0"
"2106","Gas connection","7292","Asif","2025-07-07","0"
"2107","Travel","8816.5","Asif","2025-07-17","0"
"2108","KeyCopy","1300","Asif","2025-07-20","0"
"2109","Groceries","1550","Asif","2025-07-21","0"
"2110","Shifting","3610","Asif","2025-07-21","0"
"2111","Groceries","1980","Asif","2025-07-22","0"
"2112","Kada - kadam - akka","25000","Asif","2025-07-22","0"
"2113","Groceries","2464.5","Asif","2025-07-22","0"
"2114","Groceries","978","Asif","2025-07-23","0"
"2115","Groceries","1856","Asif","2025-07-21","0"
"2116","Groceries","937","Asif","2025-07-23","0"
"2117","Credit","101000","Asif","2025-07-24","0"
"2118","Medical","3509","Asif","2025-07-24","0"
"2119","Groceries","274.5","Asif","2025-07-24","0"
"2120","Medical","15448.55","Asif","2025-07-25","0"
"2121","Travel","1363.95","Asif","2025-07-26","0"
"2122","Travel","13991","Asif","2025-07-25","0"
"2124","Credit","5000","Asif","2025-07-26","0"
"2125","Groceries","2400","Asif","2025-07-27","0"
"2126","Credit","128000","Asif","2025-08-01","0"
"2127","Travel","4368","Asif","2025-07-31","0"
"2128","Travel","2783.6","Asif","2025-08-01","0"
"2129","Credit","5000","Asif","2025-08-01","0"
"2130","Medical","2316","Asif","2025-08-03","0"
"2131","Groceries","701.24","Asif","2025-08-03","0"
"2132","Water softener","16349","Asif","2025-08-06","0"
"2133","Credit","5500","Asif","2025-08-07","0"
"2134","Chair","3004","Asif","2025-08-07","0"
"2135","Sofa","24779","Asif","2025-08-09","0"
"2137","Travel","1138.6","Asif","2025-08-11","0"
"2138","Water softener installation","3500","Asif","2025-08-15","0"
"2141","Bike","5480","Asif","2025-08-20","0"
"2140","Travel","5133.6","Asif","2025-08-18","0"
"2142","Plumbing","2800","Asif","2025-08-19","0"
"2143","Medical","808","Asif","2025-08-19","0"
"2144","Travel","810","Asif","2025-08-22","0"
"2145","Zaeem cycle","2110","Asif","2025-08-21","0"
"2146","Travel","3350.8","Asif","2025-08-24","0"
"2147","Plumbing","480","Asif","2025-08-24","0"
"2148","Kada - kadam - akka","25000","Asif","2025-08-23","0"
"2149","Groceries","404.78","Asif","2025-08-25","0"
"2150","Credit","128000","Asif","2025-08-29","0"
"2151","Bike","3700","Asif","2025-08-29","0"
"2152","Groceries","398","Asif","2025-08-27","0"
"2153","Trip","1410","Asif","2025-08-30","0"
"2154","Credit","15000","Asif","2025-09-01","0"
"2155","Travel","1408.6","Asif","2025-09-01","0"
"2156","Plumbing","1310","Asif","2025-09-02","0"
"2157","Travel","5133.6","Asif","2025-09-03","0"
"2158","Credit","540.36","Asif","2025-09-03","0"
"2159","Travel","2493.6","Asif","2025-09-03","0"
"2160","Groceries","2708","Asif","2025-09-06","0"
"2161","Travel","2023.54","Asif","2025-09-10","0"
"2162","Medical","1000","Asif","2025-09-10","0"
"2163","Groceries","2937","Asif","2025-09-12","0"
"2164","Travel","1943.6","Asif","2025-09-12","0"
"2171","Charity","4000","Asif","2025-09-17","0"
"2173","Charity","2110","Asif","2025-09-24","0"
"2168","Medical","970","Asif","2025-09-12","0"
"2169","Medical","2667","Asif","2025-09-11","0"
"2172","Groceries","11650","Asif","2025-09-21","0"
"2174","Credit","135400","Asif","2025-09-30","0"
"2175","Trip","2000","Asif","2025-09-27","0"
"2176","Credit","8000","Asif","2025-10-01","0"
"2177","Trip","5841","Asif","2025-10-02","0"
"2178","Medical","8228.78","Asif","2025-10-04","0"
"2179","Gifts","4791.53","Asif","2025-10-04","0"
"2180","Blr - maintenance","18000","Asif","2025-10-01","0"
"2181","Travel","563.78","Asif","2025-10-04","0"
"2182","Blr - net","1600","Asif","2025-10-11","0"
"2183","Kada - kadam - akka","13587","Asif","2025-10-15","0"
"2184","Travel","1463.6","Asif","2025-10-17","0"
"2185","Credit","20000","Asif","2025-10-19","0"
"2186","Travel","10659","Asif","2025-10-22","0"
"2187","Travel","5133.6","Asif","2025-10-24","0"
"2188","Travel","1003.6","Asif","2025-10-29","0"
"2189","Travel","2663.6","Asif","2025-10-30","0"
"2190","Credit","464915","Asif","2025-11-01","0"
"2191","Credit","132000","Asif","2025-11-01","0"
"2192","Kada - shutter","200000","Asif","2025-11-01","0"
"2193","Medical","5956.35","Asif","2025-11-15","0"
"2194","Kada - katta","55000","Asif","2025-11-29","0"
"2195","Credit","5000","Asif","2025-11-28","0"
"2196","Kada - shutter","100000","Asif","2025-11-29","0"
"2197","Credit","132000","Asif","2025-11-30","0"
"2198","Credit","85688","Asif","2025-12-01","0"
"2200","Kada - katta","50000","Asif","2025-12-05","0"
"2201","Charity","5235","Asif","2025-12-03","0"
"2202","Groceries","2985","Asif","2025-12-05","0"
"2203","Kada - shutter","178000","Asif","2025-12-10","0"
"2204","Kada - katta","50000","Asif","2025-12-10","0"
"2205","Kada - katta","75000","Asif","2025-12-22","0"
"2206","Ac repair","3700","Asif","2025-12-21","0"
"2207","Kada - katta","9000","Asif","2025-12-24","0"
"2208","Kada - katta","20000","Asif","2025-12-25","0"
"2209","Kada - cement","1240","Asif","2025-12-26","0"
"2210","Kada - katta","8320","Asif","2025-12-30","0"
"2211","Kada - katta","3000","Asif","2025-12-31","0"
"2212","Credit","132000","Asif","2025-12-31","0"
"2213","Kada - electricity","2200","Asif","2025-12-31","0"
"2214","Kada - vallikunnam","25000","Asif","2026-01-03","0"
"2215","Kada - ckatta","31000","Asif","2026-01-03","0"
"2216","Credit","56000","Asif","2026-01-01","0"
"2217","Contribution","4000","Asif","2026-01-02","0"
"2218","Kada - vallikunnam","15000","Asif","2026-01-02","0"
"2219","Kada - kattaPointing","10000","Asif","2026-01-02","0"
"2220","Kada - steel","2150","Asif","2026-01-02","0"
"2221","Kada - cement","7500","Asif","2026-01-03","0"
"2222","Kada - psand","2800","Asif","2026-01-02","0"
"2223","Kada - cement","1550","Asif","2026-01-02","0"
"2224","Kada - katta","3500","Asif","2026-01-02","0"
"2225","Kada - concrete","30000","Asif","2026-01-03","0"
"2226","Blr - maintenance","18000","Asif","2026-01-03","0"
"2227","Kada - katta","65000","Asif","2026-01-04","0"
"2228","Kada - kattaPointing","15000","Asif","2026-01-05","0"
"2229","Kada - katta","10000","Asif","2026-01-05","0"
"2230","Kada - kattaPointing","10000","Asif","2026-01-09","0"
"2231","Kada - katta","20000","Asif","2026-01-08","0"
"2232","Kada - ckatta","9430","Asif","2026-01-11","0"
"2233","Kada - kattaPointing","15000","Asif","2026-01-13","0"
"2234","Kada - vallikunnam","10000","Asif","2026-01-13","0"
"2235","Personal - mobile phone","45098","Asif","2026-01-03","0"
"2236","Kada - kattaPointing","10000","Asif","2026-01-20","0"
"2237","Kada - vallikunnam","10000","Asif","2026-01-19","0"
"2238","Kada - katta","14345","Asif","2026-01-20","0"
"2239","Kada - vallikunnam","10000","Asif","2026-01-22","0"
"2240","Kada - kattaPointing","10000","Asif","2026-01-27","0"
"2241","Kada - vallikunnam","20750","Asif","2026-01-27","0"
"2242","Credit","132000","Asif","2026-01-30","0"
"2262","Credit","56000","Asif","2026-03-01","0"
"2244","Insurance","24419","Asif","2026-01-30","0"
"2245","Kada - kattaPointing","19800","Asif","2026-01-30","0"
"2246","Kada - katta","33500","Asif","2026-01-30","0"
"2247","Kada - katta","8500","Asif","2026-01-31","0"
"2248","Travel","10347.2","Asif","2026-01-30","0"
"2249","Credit","56000","Asif","2026-02-01","0"
"2250","Travel","6847.2","Asif","2026-02-03","0"
"2251","Travel","3623.6","Asif","2026-02-07","0"
"2252","Augustine wedding","6800","Asif","2026-02-07","0"
"2253","Charity","3716.4","Asif","2026-02-13","0"
"2254","Charity","10200","Asif","2026-02-14","0"
"2255","Parents","10000","Asif","2026-02-15","0"
"2256","Charity","3000","Asif","2026-02-12","0"
"2257","Akka gift","2599.78","Asif","2026-02-14","0"
"2258","Charity","5500","Asif","2026-02-19","0"
"2259","Tafsir","4250","Asif","2026-02-22","0"
"2355","Kada - electrician","5200","Asif","2026-07-03","0"
"2261","Credit","130300","Asif","2026-02-27","0"
"2263","Iftar","5000","Asif","2026-03-02","0"
"2264","Dress","8347","Asif","2026-03-07","0"
"2265","Interest","7445","Asif","2026-03-08","0"
"2266","Gift","2804","Asif","2026-03-12","0"
"2267","Gift","5549","Asif","2026-03-13","0"
"2268","Zakat","7444","Asif","2026-03-15","0"
"2269","Travel","1153.6","Asif","2026-03-15","0"
"2270","Zakat","50000","Asif","2026-03-16","0"
"2271","Travel","6700","Asif","2026-03-19","0"
"2272","Travel","8115","Asif","2026-03-21","0"
"2273","Charges","885","Asif","2026-03-26","0"
"2274","Shoes","3019","Asif","2026-03-28","0"
"2275","Travel","3653.6","Asif","2026-03-29","0"
"2276","Credit","190000","Asif","2026-03-30","0"
"2277","Kada - scaffolding","20000","Asif","2026-03-30","0"
"2278","Travel","5929","Asif","2026-03-30","0"
"2279","Maintainance","18000","Asif","2026-04-01","0"
"2280","Travel","4483.6","Asif","2026-04-02","0"
"2281","Credit","46000","Asif","2026-04-02","0"
"2282","Kada - vallikunnam","10000","Asif","2026-04-02","0"
"2283","Trip","860","Asif","2026-04-04","0"
"2284","Gift","772.67","Asif","2026-04-04","0"
"2285","Medical","1050","Asif","2026-04-05","0"
"2286","Kada - vallikunnam","10000","Asif","2026-04-07","0"
"2287","Kada - scaffolding","20000","Asif","2026-04-08","0"
"2288","Kada - vallikunnam","4500","Asif","2026-04-08","0"
"2289","Kada - kattaPointing","10000","Asif","2026-04-10","0"
"2290","Kada - materials","10000","Asif","2026-04-10","0"
"2291","Travel","3973.6","Asif","2026-04-10","0"
"2292","Kada - vallikunnam","10000","Asif","2026-04-12","0"
"2293","Atha scooter","30000","Asif","2026-04-11","0"
"2294","Kada - vallikunnam","15000","Asif","2026-04-16","0"
"2295","Battery","14800","Asif","2026-04-16","0"
"2296","Car","12279","Asif","2026-04-17","0"
"2297","Credit","20000","Asif","2026-04-21","0"
"2298","Kada - paint","55000","Asif","2026-04-21","0"
"2299","Credit","30000","Asif","2026-04-24","0"
"2300","Travel","3623.6","Asif","2026-04-24","0"
"2301","Kada - paint","27800","Asif","2026-04-25","0"
"2302","Kada - kattaPointing","30000","Asif","2026-04-28","0"
"2303","Credit","154000","Asif","2026-05-01","0"
"2304","Kada - paint","2900","Asif","2026-05-01","0"
"2305","Credit","56000","Asif","2026-05-01","0"
"2307","Kada - painting","30000","Asif","2026-05-06","0"
"2308","Medical","5200","Asif","2026-05-05","0"
"2309","Travel","1998.6","Asif","2026-05-02","0"
"2310","Charges","5.9","Asif","2026-05-03","0"
"2311","Bike","72000","Asif","2026-05-07","0"
"2312","Travel","1998.6","Asif","2026-05-08","0"
"2313","Kada - door","10000","Asif","2026-05-09","0"
"2314","Kada - scaffolding","7000","Asif","2026-05-09","0"
"2315","Travel","153.6","Asif","2026-05-10","0"
"2316","Travel","3623.6","Asif","2026-05-11","0"
"2317","Travel","2693.6","Asif","2026-05-11","0"
"2318","Kada - vallikunnam","3500","Asif","2026-05-19","0"
"2319","Travel","4583.6","Asif","2026-05-14","0"
"2320","Decathlon","2895","Asif","2026-05-14","0"
"2321","Travel","5173.6","Asif","2026-05-21","0"
"2322","Car","2600","Asif","2026-05-21","0"
"2323","Trip","13789.78","Asif","2026-05-23","0"
"2324","Pothu","10000","Asif","2026-05-28","0"
"2325","Contribution","7999","Asif","2026-05-29","0"
"2326","Credit","150900","Asif","2026-06-01","0"
"2327","Credit","56000","Asif","2026-06-01","0"
"2328","Kada - electrical","26360","Asif","2026-06-01","0"
"2329","Kada - electrical","36248","Asif","2026-06-04","0"
"2330","Kada - plumbing","12600","Asif","2026-06-11","0"
"2331","Kada - electrician","6850","Asif","2026-06-11","0"
"2332","Kada - electrician","5300","Asif","2026-06-08","0"
"2333","Kada - bee","3000","Asif","2026-06-08","0"
"2334","Kada - electrician","2700","Asif","2026-06-13","0"
"2335","Kada - electrician","7700","Asif","2026-06-16","0"
"2336","Kada - electrician","3900","Asif","2026-06-17","0"
"2337","Kada - electrical","55415","Asif","2026-06-17","0"
"2338","Car","20000","Asif","2026-06-19","0"
"2339","Bike","3974","Asif","2026-06-18","0"
"2340","Dress","3549","Asif","2026-06-19","0"
"2341","Kada - vallikunnam","8000","Asif","2026-06-20","0"
"2342","Kada - cement","7500","Asif","2026-06-20","0"
"2343","Kada - electrician","5100","Asif","2026-06-20","0"
"2344","Car","3200","Asif","2026-06-20","0"
"2345","Kada - electrical","29599","Asif","2026-06-21","0"
"2346","Kada - electrical","18191","Asif","2026-06-24","0"
"2347","Kada - electrician","5200","Asif","2026-06-24","0"
"2348","Credit","145000","Asif","2026-06-30","0"
"2349","Kada - plumbing","17328","Asif","2026-06-30","0"
"2350","Kada - electrical","3100","Asif","2026-06-30","0"
"2351","Kada - electrician","10200","Asif","2026-06-30","0"
"2352","Kada - electrical","10970","Asif","2026-07-01","0"
"2353","Credit","56000","Asif","2026-07-01","0"
"2354","Kada - electrician","6500","Asif","2026-07-02","0"
"2356","Dress","4202","Asif","2026-07-05","0"
"2357","Groceries","4325","Asif","2026-07-04","0"
"2358","Travel","1350.8","Asif","2026-07-06","0"
"2359","Maintainance","18000","Asif","2026-07-11","0"
"2360","Ponni","25000","Asif","2026-07-13","0"
"2361","Dress","2624","Asif","2026-07-15","0"
"2362","Kada - electrician","5000","Asif","2026-07-12","0"
"2363","Gift","3450","Asif","2026-07-16","0"
"2364","Travel","4303.59","Asif","2026-07-18","0"
"2365","Kada - waterproofing","30000","Asif","2026-07-19","0"
"2366","Kada - handrail","40000","Asif","2026-07-21","0"
"2367","Travel","2233.6","Asif","2026-07-24","0"
"2368","Tahiya dress","1918.92","Asif","2026-07-23","0"
"2369","Kada - handrail","50000","Asif","2026-07-31","0"
"2370","Credit","144000","Asif","2026-07-31","0"
"2371","Carpenter","1000","Asif","2026-07-28","0"
"2372","Travel","1350","Asif","2026-07-25","0"
"2373","Kada - handrail","6500","Asif","2026-08-01","0"
"2374","Credit","36000","Asif","2026-08-01","0"
"2375","Travel","2500","Asif","2026-08-06","0"
"2376","Zakat","5000","Asif","2026-08-06","0"
"2377","Intrest","5000","Asif","2026-08-06","0"
"2378","Travel","83.6","Asif","2026-08-03","0"
"2379","Travel","1300","Asif","2026-08-07","0"
"2380","Travel","3973.6","Asif","2026-08-07","0"
"2381","Kada - tiles","110400","Asif","2026-08-14","0"
"2382","Kada - cement","8750","Asif","2026-08-15","0"
"2383","Kada - msand","12000","Asif","2026-08-15","0"
"2384","Charity","1000","Asif","2026-08-14","0"
"2385","Charges","21.9","Asif","2026-08-16","0"
"2413","Kada - ramp","17800","Asif","2026-10-02","0"
"2387","Travel","5565","Asif","2026-08-20","0"
"2388","Kada - tiles","25000","Asif","2026-08-25","0"
"2389","Credit","145000","Asif","2026-08-31","0"
"2390","Car","7900","Asif","2026-08-31","0"
"2391","Travel","303.1","Asif","2026-09-01","0"
"2392","Kada - tiles","3000","Asif","2026-09-01","0"
"2393","Kada - tiles","10000","Asif","2026-09-01","0"
"2394","Credit","46000","Asif","2026-09-01","0"
"2395","Kada - tiles","10000","Asif","2026-09-07","0"
"2396","Kada - tiles","22050","Asif","2026-09-05","0"
"2397","Travel","403.6","Asif","2026-09-02","0"
"2398","Water purifier","3000","Asif","2026-09-08","0"
"2399","Travel","3414.6","Asif","2026-09-02","0"
"2400","Travel","4567","Asif","2026-09-10","0"
"2401","Spectacles","1300","Asif","2026-09-13","0"
"2402","Kada - tiles","23000","Asif","2026-09-16","0"
"2403","Den Internet","3420","Asif","2026-09-19","0"
"2404","Groceries","1750","Asif","2026-09-19","0"
"2405","Kada - tools","1450","Asif","2026-09-24","0"
"2406","Travel","3150","Asif","2026-09-23","0"
"2407","Kada - shameer","17500","Asif","2026-09-26","0"
"2408","Car","6200","Asif","2026-09-25","0"
"2409","Kada - cement","2000","Asif","2026-09-25","0"
"2410","Kada - building cess","83675","Asif","2026-09-24","0"
"2411","Credit","145000","Asif","2026-09-30","0"
"2412","Credit","86000","Asif","2026-10-01","0"
"2414","Kada - exhaust","3150","Asif","2026-10-02","0"
"2415","Kada - false ceiling","10000","Asif","2026-10-02","0"
"2416","Kada - false ceiling","12500","Asif","2026-10-05","0"
"2417","Kada - sanitary","65200","Asif","2026-10-05","0"
"2418","Kada - electrical","26935","Asif","2026-10-05","0"
"2419","Charity","6258","Asif","2026-10-04","0"
